ID,Name,Popularity,Artists
4nc6XiUze2Yh7wFueGOPv7,"Chaleya (From ""Jawan"")",83,"Anirudh Ravichander, Arijit Singh, Shilpa Rao, Kumaar"
2wAiFWjRupWmnDkQcu91MF,Rumah Ke Rumah,80,Hindia
7J0isBrUxhIYZVdrBOOlIh,Cincin,78,Hindia
2dIBMHByUGcNPzmYBJ6OAj,Evaluasi,78,Hindia
5drW6PGRxkE6MxttzVLNk5,Secukupnya,76,Hindia
56zZ48jdyY2oDXHVnwg5Di,Tum Hi Ho,75,Arijit Singh
3CBxVM0zGj41BQtE6m7gwb,Membasuh,70,"Hindia, Rara Sekar"
1bcIiU5FWRa2IYBqx0bk67,Evakuasi,69,Hindia
5d6K5YMfby3mRfsTeTxUV3,Laagi Lagan Shankara - Hindi,68,Hansraj Raghuwanshi
3kj14iUwv0rvTweOr9P2ut,Mata Air,68,"Hindia, Natasha Udu, Kamga"
3F0I9AkbRwz12yz7Hxn0bF,Oh Ho Ho Ho (Remix),66,"Sukhbir, Ikka"
2SmKwCCSiUTjtR8I8rv6MS,"Berdansalah, Karir Ini Tak Ada Artinya",66,Hindia
46lON8zSSaelA2Xl44HxRL,Hindi Na Nga,65,This Band
64G8ywuyGGQl4S7U2a6XJf,Hindi Tayo Pwede,64,The Juans
7CXBhqBSbHNgecVX6aguUp,Sa Hindi Pag-Alala,64,Munimuni
08OPqLv99g8avzmxQepmiw,Besok Mungkin Kita Sampai,64,Hindia
2LQZ32XuFlkcoEUDSG6BMT,Untuk Apa / Untuk Apa?,64,Hindia
1XabvPK1VQEH4YqzDovs46,Forgot Password,63,"Hindia, Nadin Amizah"
1AAmQJO43qsQGc1pWRmTxN,Beautiful Tango - Unplugged,62,Hindi Zahra
3QZgiXw3VyeSfFnhY7zpj1,Bayangkan Jika Kita Tidak Menyerah,62,Hindia
44QCycNgqPxNaij2BrA9H3,"Chhupana Bhi Nahin Aata - From ""Baazigar- Hindi""",62,Vinod Rathod
5Nd4DTIDWYkkZfi1NpgvJk,Suit Suit,61,"Guru Randhawa, Arjun"
70fA3vjK2r6kpHrN6adr9q,Ride It (Kya Yehi Pyaar Hai) - Hindi Version,61,Jay Sean
1ZGLauVoD74BU8y8O5btcO,Zakir,59,NAALAYAK
5DqSZFvWvSWg5eyCDi0CuW,Kita Ke Sana,58,Hindia
4FERIZkT9xabNYCgTyMErn,Hindi Magbabago,57,Randy Santiago
26iZgiCSejmjrSBoimJbxu,Imik Si Mik - Remastered Version,57,Hindi Zahra
0JkJLhizW12li6KJNFDryx,Nabi Palsu,57,Hindia
1VTjpFsZhnKvEgZhlzPIzb,Ramai Sepi Bersama,57,Hindia
4RGeIxGrN9VH1TJ94ppyje,Secukupnya,57,Hindia
4mjTMmz0j6Wl3GhODoPqTx,Hoor,57,"Atif Aslam, Sachin-Jigar"
7eA7fM538sgco6UUAQcnYA,The Man I Love - Unplugged,56,Hindi Zahra
5zzDbrXfdajBqVt1jMAMNM,"Hanuman Chalisa (From ""HanuMan"") [Hindi]",56,"GowraHari, Sai Charan"
4qOpQXiEDEvt8MhYCGcwB6,Dehidrasi,56,"Hindia, Petra Sihombing"
4YSOlJJoFu4vfZYJUiewl9,Apapun Yang Terjadi,56,Hindia
5dFyHpANHOHWdAWQDboy0w,Janji Palsu,56,Hindia
0vPisMufQ5Ht1M5LaUlohP,Matahari Tenggelam,56,Hindia
5iezEsWCl1JIyvosnI7vx8,Evaluasi,55,Hindia
7BkTkOU0JJg4KklnNRmTXu,Janji Palsu,55,Hindia
34dTSIA1q3JMg59gMwQeOb,Masalah Masa Depan,55,Hindia
2w9GgxOBuUHJEnRuQBdpWA,O Lal Dupatte Wali,55,"Kumar Sanu, Sudesh Bhosle, Kavita Krishnamurthy"
6lhtQoh8eIVn3ztvcE1axU,Any Story,54,Hindi Zahra
1A0SVbPYh76qzwtnlAkgH5,Alexandra,54,Hindia
5GMJVKfh0TbV1TjqBUa2et,Masalah Masa Depan,54,Hindia
6BijMn5VMOaOBuUMKbQS1W,Hindi Ikaw,53,Kenaniah
47DgfSmVQVwHkJJct5c3sV,Hindi Tayo Pwede,53,The Juans
0ufk0A6oErK7oAgeMZWJFg,Belum Tidur,53,"Hindia, Sal Priadi"
00kuZKKbta1ZqQF9JaK3Ep,Matahari Tenggelam,53,Hindia
3SNRMAmRlwswe6k8i5ARiC,Membasuh,53,"Hindia, Rara Sekar"
0LtToIySj2geRJFEKcMsjp,Dehidrasi,53,"Hindia, Petra Sihombing"
4TPIAnmVnouoZuwB6blHWl,Si Lemah,53,"RAN, Hindia"
6yzrhWUALvjuzPDmXsFNcu,Hindi Tayo Pwede,52,Katrina Velarde
6JVCL5BAEMgJ7uzDtXzpAF,Hindi Na Bale,52,Bugoy Drilon
2EkhQc261n3oQsLFIgZdws,Seeds,52,Dj Hindi Bacha
6iPvJma97nqd8u3WmPlfNH,Beautiful Tango - Remastered Version,52,Hindi Zahra
4g4HBD31vBczahDYgnW2HL,Jangan Jadi Pahlawan,52,"Hindia, Teddy Adhitya"
6UcGPv3SOPpq9zt7A6ENJC,Bayangkan,52,Hindia
7bAF4enyyu0TtBPNGe5Yz0,"Sooraj Hi Chhaon Banke (From ""Salaar Cease Fire - Hindi"")",52,"Ravi Basrur, Riya Mukherjee, Menuka Poudel"
51vmyk9tINi06NE5aVcLtN,"Kami Khawatir, Kawan",52,Hindia
3t4MVSJBJlQQWoxpxyR8Vm,Narayan Mil jayega ( Hindi Rap Version ),52,Teddy Gupta
4OR3ycFsSteRHkEWLpoLYq,Hindi Mo Ba Alam?,51,Siakol
7Heijexfh44Oad9YiD0DqL,Un jour,51,Hindi Zahra
5xUntBMiOnYOZYuOrfLjS9,Janji Palsu,51,Hindia
2i1zxyPja42WP8yx2yRJ2r,Cincin,51,Hindia
3TRWJr4S3evnXhXtJ304MC,Jam Makan Siang,51,"Hindia, Matter Mos"
1F9rAmMuNKOBCGfqzH15Zc,Pesisir,51,Hindia
15KvWFuKadQjcyfXdNCd7u,Ek Jindari,51,Taniskaa Sanghvi
3lyNwsohK73iKsGWHLFtMp,Satu Hari Lagi,51,Hindia
2IKcYyLk2VXfOxavSbsFpw,Ram Siya Ram,51,Rakesh Kala
6Oqk183RxaZ2fzuAmc7RBY,Perkara Tubuh,51,Hindia
0pt0Jex06noy0SCD5fFQbi,Silence - Radio Edit,50,"Hindi Zahra, Alberto Malo, Jocelyn Mienniel, Abdenour Djemaï, Rhani Krija"
6ccuuWVjSdvF1XdxS2ocqp,Malaikat Berputar di Atas Pencakar Langit,50,Hindia
0uxsPehZJqR47Dx8dqB7NK,Bhole - Hindi,50,Hansraj Raghuwanshi
7cu6mE6hsV87PrFjYR1Knr,Siapa yang akan Datang ke Pemakamanmu Nanti?,50,Hindia
2ZaPu63nLoG7yCiy4le03F,Iya... Sebentar,50,Hindia
28vRgwjAMWn8PsW09YCg55,"Baby Doll (From ""Ragini Mms 2"")",50,"Meet Bros Anjjan, Kanika Kapoor"
7EGZrCSNXLYhDBqZ7fF6XC,Hindi Ko Kaya,49,Zack Tabudlo
3gYAVcpBgkpygO5X5BXs2H,Hindi Ko Kaya,49,Richard Reynoso
6GiPh8y3BBR4ZkkFcJ3AKs,Hindi Tayo Pwede - Acoustic Version,49,The Juans
53L4DA7CX2Khz5tPBwG1yA,Don't Forget - Unplugged,49,Hindi Zahra
6HyVbwqKJNkHjPysz6DocV,Silence,49,Hindi Zahra
0tIaxfo2PQU0TRAEUhBRWi,Stand Up - Remastered Version,49,Hindi Zahra
4QFxnsKjnWB2GlHFChnZSX,"Yaraa (From ""Salaar Cease Fire - Hindi"")",49,"Ravi Basrur, Riya Mukherjee, Sri Krishna"
5PoM1Nn86FdVi1v5ToJKoP,Pasahili (para sa hindi pinili),49,Arthur Miguel
2jkyK7a9ZzE85Poi6slMIT,Satu Hari Lagi,49,Hindia
0GPiHdKVDWsilSc5sHOCi2,Bunuh Idolamu,49,Hindia
0JCcLshapR8UnPz8PwNP6x,"Badass (From ""Leo (Hindi)"")",49,"Anirudh Ravichander, Raqueeb Alam, Hanuman"
0LRtFsAx2IbC6mO9ANmtKN,Gauri Shankar,49,Hansraj Raghuwanshi
3ZV67NJp2zvc1qHW2I1arS,Kiss & Thrills - Remastered Version,48,Hindi Zahra
4Xiv5AvcXHNS6roOMZKjLJ,Lift Up Your Hands,48,Basil Valdez
0yetqPxEjJFVDJ74QjwkDD,WAWANCARA LIAR PT. 2,48,"Hindia, Matter Mos"
2c8JAO52YzDDm2r5wazHwC,Rasakan Nikmatnya Hidup,48,Hindia
2zWUvxjeHoMAnz03yMPKVm,I'm Not A Robot / CAPTCHA,48,Hindia
0WvlKzaYurvqtRh41n3pRm,Selebrisik,48,"Hindia, Tuantigabelas, Rubina"
6dAWMvlcChsjXvTXLBQHnU,Haathi Raja Kahan Chale,48,Jayalakshmi K
2mqTVSHI4GtZC70GSvIqCn,"Hanuman Chalisa (From ""HanuMan"") [Hindi]",48,Sai Charan
730A0eY4odaHzGEDpA8b9K,Jam Makan Siang,48,"Hindia, Matter Mos"
5vDSOCPt4jtRru6XW86IeG,Mai Tota,48,Palak Gujela
6gUWYLF4r3wUmdOQ8eymh7,Dil Se Dil,48,"Vishal Chandrashekhar, Shashwat Singh, Mandar Cholkar"
2gwMbHBCNToaZlOmfqQjIK,Hindi ko Kaya,47,Angeline Quinto
5DAVHXdtJfSoz2uyPyzZUo,Hindi Ko Kaya,47,Zack Tabudlo
4u3wKOTAamjGBQzgTX4hjg,Oursoul - Unplugged,47,Hindi Zahra
2srj0kd7ZZ3tqnpo6Ju2IU,At the Same Time - Remastered Version,47,Hindi Zahra
3IBjaHSmegvBCCKTYfRtNF,Voices,47,"Blundetto, Hindi Zahra"
7lpDKDfOkSlse5fDZ1s37L,3ala Toul,47,"Inkonnu, Hindi Zahra"
5JOWN54F81XwKkOoNcT9PY,Siapa yang akan Datang ke Pemakamanmu Nanti?,47,Hindia
6KtsVZOUoXevMCB9vTUJH5,Perkara Tubuh,47,Hindia
3q5cPCgjje3C7ua4srqrlR,Ibel,47,Hindia
7Kwe64RXJJrk20iz2stsrA,"Apa Kabar, Ayah?",47,Hindia
4GTzSR0nE4Aj7wSe9gi2gm,"Qissonmein (From ""Salaar Cease Fire - Hindi"")",47,"Ravi Basrur, Riya Mukherjee, Ravi Basrur and Team"
2vahwzGyyluqxJ29B35XBn,Kalu Mandari Aaya,47,Palak Gujela
0Nm2RiKBuZFJR3hMRpAgAA,Jane Kis Mod Pe,47,"Vishal Chandrashekhar, Rahul Mukherjee, Mandar Cholkar"
4QCU3gXVbr3gtqY54RzTqu,Fly High,46,"Blundetto, Hindi Zahra"
3cH79PK3RTPyynEmeDq70G,The Blues,46,Hindi Zahra
0LYR42sdo0CGTlmP6PeDRv,Parang Tayo Pero Hindi,46,"Michael Pangilinan, Angeline Quinto"
3dPYpr9xdbUGL0sbffimg1,Suraiyya,46,"Ajay-Atul, Vishal Dadlani, Shreya Ghoshal, Amitabh Bhattacharya"
6wFwD4tikByE4vJqGApvU4,Hindi Mo Na Ba Minamahal,46,TJ Monterde
2dP2OA3Gm6rztueSoaih2T,Mangal Bhavan Amangal Hari (Hindi Adaptation),46,Om Voices
3pak3skTwt9qmj0NPin9Xq,"Kami Khawatir, Kawan",46,Hindia
1mfkVHpgqVYBO2C0Xs60py,Nain Tere Maa,46,Hansraj Raghuwanshi
6hL6IjVYeRUPWmpZD7MJR6,Sita Ramam - Theme,46,Vishal Chandrashekhar
1Gw9b7z2fbgPhCFpeN1aX8,Hindi Mo Nadinig,45,"Gloc-9, Jay Durias"
2b6yv2RklU1MeGzVaUcDNW,Say That You Love Me,45,Basil Valdez
384ZUzbxAqOgn5RTmmvSGW,Selebrisik,45,"Hindia, Tuantigabelas, Rubina"
3dyh2wOl3MrnBYsVwbpZRM,Ek Mota Hathi,45,Palak Gujela
7xn87VHTRIpbvzrruX9PKQ,"Kami Khawatir, Kawan",45,Hindia
3tIhxJxQyFgxXD62DOcIgt,Tinggalkan Di Sana,45,"Hindia, Natasha Udu, Dikisahkan, Wisnu Ikhsantama W."
6VPItbgAxepwmauzPdkvDw,Bandar Mama Pahan Pajama,45,Jayalakshmi K
6ZJ2PCDZVTPB392n3rkKzU,Evaluasi (Reprise),45,Hindia
7f3jo0H27PiqBDlpTnxs5e,"Ready Chal (From ""Leo (Hindi)"")",45,"Anirudh Ravichander, L. V. Revanth, Roll Rida, Ritesh G Rao"
04RL413v1BqfHMDNCmKBAI,Chitthi,45,"Vishal Chandrashekhar, Yazin Nizar, Varun Grover"
7cxILfTKLHOKWvFj2mbRYT,Dil Ka Pata,45,"Vishal Chandrashekhar, Abhay Jodhpurkar, Sinduri Vishal"
71X6hOKA1qnxRCW64uJ5cN,O Sita,45,"Vishal Chandrashekhar, Hrishikesh Ranade, Anwesha Dutta"
69ogffTapnBjDu4rQhB8PV,Hindi Ako Iiyak,44,Flippers
5mVNAnVaaWZyKhOtw4euTF,"Hindi Tayo Pwede - From ""Indak""",44,Janine
5MEqa5pmZAyT0kAgP7Mkr4,Hindi Na Sana,44,Zelle
6Wo7nJCbnDbi05HtHu4rED,Yogi Shiva Mahadev (Hindi),44,"Sounds of Isha, Aishwarya Nigam, Mohit Chauhan"
2pAP7p17mLPaMiFSSHDMrp,Suit Suit,44,"Guru Randhawa, Arjun, Rajat Nagpal, Intense"
1jINBeZzfpp5NfHRQwd7ck,"Anjanadri Theme Song (From ""HanuMan"") [Hindi]",44,"GowraHari, Shankar Mahadevan, Riya Mukherjee"
6GYspAZoeReXh4XhjrQtM8,Iya... Sebentar,44,Hindia
1raBMvAibnVgo6VcDIL9w7,Nani Teri Morni Ko Mor Le Gaye,44,Palak Gujela
4nDpRzBJk0G5fRSZintUcn,Billi Mausi Billi Mausi,44,Jayalakshmi K
01UHaoPWtMQTvALbwvobnA,Hindi Kita Iiwan,43,REY VALERA
3XTGyj3OpWzvv78hVQuwn0,Hindi Ka Sa Akin,43,Benedix Ramos
7tzVZp3aAAvtnHRsma45YZ,Fascination - Remastered Version,43,Hindi Zahra
2VHGzij5109MdX6PJDsMuO,Pasahili (para sa hindi pinili),43,Arthur Miguel
676fVcuwijrKmdARTCoxbr,Attraction Slowed,43,Hindiblaster
0VNRlpRCVoCDwCB4GTDN1T,Ibel,43,Hindia
7JSkcOX6qVfb1GDMXqhddS,Gaon,43,Sreejoni Nag
53g5LflCS3btOVQVTRcvu5,Ishq Karu,43,"Vishal Chandrashekhar, Shashwat Singh, Arunita Kanjilal"
56YEJBLWNYCh1zrUCucqaq,Hindi Ko Kaya,42,"Vina Morales, Denise Laurel"
31s6J9KLR74JO606DsHmu5,Until I Found You - Hindi Version,42,Kshitij Anand
41l0QeiOntbZbkS2l3zNM2,Jabra Fan - Hindi Version,42,"Vishal-Shekhar, Nakash Aziz, Varun Grover"
5GeqE3hPE9ld9RNhYm3qec,CANDY (Hindi),42,"Dhvani Bhanushali, Yuvan Shankar Raja"
4HhL61zBrujLiVzNodRBwE,Pinagtagpo Hindi Tinadhana,42,"Still One, Joshua Mari, Jhaydee"
5MecGeJDMAOpGoYKkhS4Xi,Hare Krishna Hare Rama,42,Jagjit Singh
6Ffbn6Hly2qqCGGLxO2Yl8,"Tidak Ada Salju di Sini, Pt. 4",42,"Hindia, Petra Sihombing, Rubina"
5FFPUPtM6auGxVMfAQvHGh,"WAWANCARA LIAR, PT. I",42,Hindia
31a4qgW8SvKf5zXi7h62Om,Machli Jal Ki Rani Hai,42,Sreejoni Nag
6sRbmxCkEIqV73JaBqKUaP,Hindi Na Bale,41,Jessa Zaragoza
4EqQMDCFBGuvsGAbY8cq3s,Can We Dance,41,Hindi Zahra
2WCBX3yuj1hkq7iNaq1IU2,The Moon,41,"Hindi Zahra, House of Spirituals"
0eLYEWDJcIkDzYiyqyIaK1,La Luna,41,Hindi Zahra
3U2CHs5bINydvVwt0y9PuG,Chalore Chalore (Hindi),41,Devi Sri Prasad
21htcSUXAaLkOg8a114IwQ,"Tera Hi Jaadu Hai (From ""Leo (Hindi)"")",41,"Anirudh Ravichander, Raqueeb Alam, J.V. Sudhanshu, Priya Mali"
5vLS1lz21XEV76zL6Hrfnl,Hindi Tekerleme,41,"Orffestra, Melis Milli, Senem Özyoğurtçu"
6i4c01ikBbRh15ZV9MXrgb,Baka Bukas (Kung Hindi Ngayon),41,SUD
7kQtGFCA96bh8vE4EMmtx6,P.H.T. - Pinagtagpong Hindi Tinadhana,41,Emotikons
0Y7QogVYyXgFCu0oV8s4VX,"Avakaya Anjaneya (From ""HanuMan"") [Hindi]",41,"Sunidhi Chauhan, Anudeep Dev, Riya Mukherjee"
2wnwKcp0gfd8Q3RGXxJg4q,Teri sharan mein aake - Hindi Song,41,Indresh Upadhyay
4jdmQkSFrZ249915kuRSOM,Aalu Kachalu Beta Kahan Gaye The,41,Palak Gujela
454wwgqDwt9GsAMPQO2SVf,Pyaar Tera,41,"Ajay-Atul, Ajay Gogavale"
4iNG1gega9K5ydnGjKP9gp,Hindi Naman,40,"8 Ballin', TEEN, CHELLY, Schumi"
1DRK9ezHeXZBVE5XPlf2f5,Hindi ito yung Tunay,40,Lance Santdas
1EuTBh3n7Fcz3S0qNsE47l,Kung Hindi Ikaw,40,James Wright
2xjEhRCiV3aIehD48OTJ69,Let me down - hindi mix,40,K 4 King
46y9rSaeNT7EZB6H45wNz4,Zara Zara - Lofi,40,Bombay Jayashri
14bKYDijmD5b4hDW3by7ld,Okay Hindi Ngayon,40,TONEEJAY
7KWXJafr2aAlPOuXEq53wI,Shiv Tandav Stotra (Hindi),40,Ashutosh Rana
0lrhextNGRUAfh2bOUQQR7,Hoor,40,Atif Aslam
7CACiu6VwY8Gsb4wkc7ZUD,"WAWANCARA LIAR, PT. 4",40,Hindia
7bxoQkfKwJyzg9lD8Eckva,Malaikat Berputar di Atas Pencakar Langit,40,Hindia
6tBOuzucH3PGwEA3yWzwRG,Wejangan Caca,40,Hindia
6Z3QVSteamjuHIO8hTbcvk,Bunuh Idolamu,40,Hindia
5TUAVrYQQ4cNKpvf54RpQm,Hari Yang Baik Untuk Berbohong,40,"Hindia, RAYHAN NOOR, Sun Eater"
7MWXZfdldzH1gAwuNJMR06,Sukar Kara,40,Puneet Khurana
3gh6fwjy391Z59WiCdbyVk,Setengah Tahun Ini,40,Hindia
6zysyKMakAGNkqGfwW56ea,Hayaan,40,Cup of Joe
0reKX8EHN23iZVyIbarzeb,Breakup Mashup Hindi - Slowed And Reverb - Lofi Mix,40,"DJ Sav, Sangeet Wala"
2FTl6u5VDIHJ45mnr7K3p8,Hindi Kita Malilimutan,39,Basil Valdez
7kqNH63z8o5RS0J3KEOZKG,Hindi Ikaw,39,Kenaniah
1dxaimzIzCKMs5Jfp1BBvM,Rang Lageya (Lofi),39,"Mohit Chauhan, Rochak Kohli, Silent Ocean, DJ Shiren"
1vpxoYhALu28A86BEVdHio,"Tum Tum (From ""Enemy - Hindi"")",39,"Thaman S, Aishwarya Kumar, Darshana Menon, Reena Gilbert, Vidhya Gopal, Yashika Sikka"
2pkimx1QSDxYINvovk5mFG,Hindi Hiniling Pero Dumating,39,"DaivJstn, UNXPCTD, Ednil Beats, DGrimm, Kingpilz"
2HOcdqjRBpEPDk9L3Dv7xs,Hindi Man Tayo Sa Huli,39,Joshua Mari
0xPMieIqT11L5Vul5sjVy3,Aigiri Nandini - Hindi Adaptation,39,Om Voices
5cTu0oBXVOKOQIXBmMYshJ,52 Gaj Ka Daman (Hindi),39,"Asees Kaur, Renuka Panwar"
1sr2oFUvjVjjYhd675ohrV,"Apa Kabar, Ayah?",39,Hindia
3TeAgZvMFj36mdJgA0QwUy,"WAWANCARA LIAR, PT. 3",39,Hindia
0DShinPuxKAcV1tj0cTPCs,"Sooraj Hi Chhaon Banke (From ""Salaar Cease Fire - Hindi"")",39,"Ravi Basrur, Riya Mukherjee, Menuka Poudel"
5FTGXznOzPbltRT28ey1Vj,Titli Rani,39,Jayalakshmi K
7BMuRiVpqHsCieyxXLkne6,Chand Mama,39,Jayalakshmi K
0kH7rF6YS8CxPo7j9k8H8N,"Kaali Maa (From ""Salaar Cease Fire - Hindi"")",39,"Ravi Basrur, Riya Mukherjee, Shashika Mooruth"
77lKQq8wBLQT3AsUShNDbm,Gobardhan girdhari - Hindi Song,39,Indresh Upadhyay
3N26NxUgnAskPolTtg3Suh,Aku Rasa Kita Selamanya,39,Hindia
5yUhfyt3oNPZwA6zZTUPkK,Billi Mausi,39,Sreejoni Nag
0kGdyNQyct7GqR9Fl3lKGi,"Sound of Salaar (From ""Salaar Cease Fire"")",39,"Ravi Basrur, Yair Albeg Wein, Songs To Your Eyes"
0YB3WnAR2zSMOKkEmr9Mnj,Man Mai Basa Kar Teri Murati - Hindi,39,Vishnupriya Avi Ji
3d2mT401EUhHu5usvRTmgc,Sandig,39,Janine
5jXsKWLtQPGbX8B1PaMcG6,Hindi Ako Laruan,38,Imelda Papin
3oGY7W0FXSdx7IR32MML8O,Hindi Ako Laruan,38,Mimi Baylon
6FPsF1Kz5xBudVTivcooiG,Undead - SMW,38,Hindiblaster
0KVbyHRKxsPlpsdR6HKekZ,Cabo Verde,38,Hindi Zahra
5l566WOLv4lDli6jDRNpBr,Hindi Mo Alam,38,Mei Teves
2Wp2Y0iItXtJQqHOiEKsQ8,Bakit Hindi Ka Crush Ng Crush Mo,38,Zia Quizon
1KQqhdhUwfRT8AnSekgmF6,Hindi Na Makita,38,WilaBaliW
3h8MNWXt67TpwW7lC6CU7K,"Kung Hindi Ngayon, Kailan Pa",38,Six Part Invention
3nx07Zu4NWdi9NjqWYCNgG,Laal Tamatar,38,Jayalakshmi K
2Ao8XIYegiChCOII2kk7CS,Wejangan Mama,38,Hindia
2HYvDwVxoq8DgDfSbwPfNu,Tu Tu Hai Wohi - The Unwind Mix,38,Jonita Gandhi
2FePxvEtLEfo42p9PhMv7J,Upar Pankha Chalta Hai,38,WowKidz
5D6PdP9x6GwMG6QBH1IUMO,Aayenge Shyam Aayenge - Hindi Shayam Bhajan,38,"Anup Jalota, Anuja Sahay"
0G9jurhmenpvuhAHc3DNOF,Chal Meri Ghode Chal Tik Tik,38,Palak Gujela
3Gr0xsM9q1e31EDLKQuwCx,Chidiya Rani,38,Sreejoni Nag
5MA4t3eTu6uWQMVDenQjLp,Mera Sukhi Rahe Parivaar Guru Ji,38,Puneet Khurana
7mnmnaqBLPDEcCSRDmXto4,Mera Aasmaan Jal Gaya,38,"A.R. Rahman, Arijit Singh, Gulzar"
72bICU3rMnhzHNHYvX4vvJ,"Hindi Sad Diamonds - From ""Moulin Rouge"" Soundtrack",37,"John Leguizamo, Nicole Kidman, Alka Yagnik"
2QalsrcmPhvT02zaLhoUMG,Hindi KO Akalain,37,VST & Company
33tGgK4sStzCWCNrphQNmN,He Needs Me - Unplugged,37,Hindi Zahra
1xiogvKIocMi5wJZcTFZ9K,Hindi Ko Kayang Iwan Ka,37,Sheryn Regis
3cOLXPkejBm5beqqN71nqi,Zara Zara - LoFi Chill,37,Bombay Jayashri
2lbmhek9J9apnJIiVyG67n,Hindi Na!,37,123 Pikit!
79vbJAR8GiqojGxWl629MG,"Tum Tum (From ""Enemy - Hindi"")",37,"Thaman S, Aishwarya Kumar, Darshana Menon, Reena Gilbert, Vidhya Gopal, Yashika Sikka"
7hZxcNyNWA9eC3PcdPV2oL,Hindi Ako Katulad Niya,37,Jeremiah
7ApRgoM4WKGWZ4j9kqffVR,Tunay Na Ligaya,37,Basil Valdez
0fJ4Iu9s6K574EmlJJLsoR,Paubaya / Hindi Tayo Pwede / Hatid,37,"Moira Dela Torre, The Juans"
0buEsxCpH3VJI79HyPIlKH,Hindi Na Bale,37,"Jessa Zaragoza, Michael Pangilinan"
77EGwUvKLSsinbBoPtsIPn,Shiv Tandav Stotra (Hindi Adaptation),37,Om Voices
3CLRXI23xji8GdV3WIihpt,Pushp Pooja,37,Surykirti
7qjOhCEl3pxRjJ2mHnfGrs,"Villain Kaun Hai (From ""Leo (Hindi)"")",37,"Anirudh Ravichander, Manisha Eerabathini, Sampath GK"
3f8jAEbQJDkDTqN9uTkNQH,Sana Hindi Na Lang Kita Minahal,37,RJ Agustin
49fAstHTYCiXuPR8mN7wFT,Voice Note Anggra,37,Hindia
75uJJC9gnQepYBEmPLS0rI,Vikram Title Track - Hindi,37,"Anirudh Ravichander, Raqueeb Alam, Siddharth Mahadevan"
3VVrqNuGzcCSYwhqdjTfng,Chal Mere Ghode,37,Jayalakshmi K
5A4ZtgxfKAoXmxn03nlaah,Titli Udi,37,Palak Gujela
3i1srTi0XILKmrDbQ9ycFL,"SuperHero HanuMan (From ""HanuMan"") [Hindi]",37,"Anudeep Dev, Sai Veda Vagdevi, Prakruthi Reddy, Kumaar"
3SyWeqCofHts05tZEpiRUu,Hindi Na,36,6ENSE
74OxAZ6SsHEOFRuZtegK6F,Muwashah salla fina el lahtha hindiyya,36,Rima Khcheich
651p4ChGvaSyOvJvU6xyZV,Hindi Kita Iiwan,36,Sam Milby
3jJYNt3S37lJOFHc8CUpCy,Hindi Mo Na Ba Minamahal,36,Dingdong Avanzado
6cXBwW4mDlxrjpXVNqeSAv,hindi ko alam,36,Carousel Casualties
49O9YIqOAORqhmMl72Fssg,No One Will Find Me,36,Hindia
0yVV4xowVr0CDS4oSjqhuo,"Qissonmein (From ""Salaar Cease Fire - Hindi"")",36,"Ravi Basrur, Riya Mukherjee, Ravi Basrur and Team"
6YlHLLCxE3ZZpM5wuSGUxH,Chukar Mere Man Ko - The Unwind Mix,36,Mohammed Irfan
7sEakdeMkoTM4qqsmXESWk,Buttabomma Hindi,36,"Shubham Rangra, Subhash Chand"
7KAgEilmuijmD6OnhxgjXi,"Oh Ho Ho Ho (Remix) [From ""Hindi Medium""]",36,"Sukhbir, Ikka"
6ZuXwlpRARDcIrEUso25Xp,Bekhauff,36,"Ram Sampath, Sona Mohapatra, Svati Chakravarty"
1zW5JjEyZv0QbLDWBRfoCT,Ek Kauwa Pyasa Tha,36,Sreejoni Nag
01XizpywBhoFOGAjwyeVic,Dream Lantern (Hindi Version),36,Anny K
0ICzV5Wqtma8XoA2N8fA4g,'Til I Met You,35,Marco Sison
3zKFm7dJGHwsufCO35O7yg,Para Sa'yo,35,Randy Santiago
1uTcqHE41Bgp7JYHHETvnT,Hindi Ko Kayang Iwan Ka,35,Sheryn Regis
2z5zVEEScuQI0zbjgp3Fwb,Hindi Masaya,35,"CHNDTR, I Belong to the Zoo"
024kC73hD8lqjSUF3NhQxM,Hindi Sadya,35,"JEBeats, Tuglaks"
2Dl93kSVfBh5mlc9VWOJBX,Hindi Para Sa'yo,35,Kithara
1vp6Ziay97wY3XmGC35B79,Hindi Ka Nagkulang,35,Tony Rodeo
2dTLETz8LfdRERIKJkctgX,Hindi Tayo Pwede,35,Katrina Velarde
1SSQ5IvWnQHCcVj8Ta5W6H,"Yaraa (From ""Salaar Cease Fire - Hindi"")",35,"Ravi Basrur, Riya Mukherjee, Sri Krishna"
4blrxy23hiXU0jJH7s8RDO,Kehdoon Tumhe - The Unwind Mix,35,"Arnab Chakraborty, Akriti Kakar"
5KG8aqd4TlIhHNLqd1dzba,Maine Puchha Chand Se - The Unwind Mix,35,Rahul Vaidya
2HVfxSEhmOPokuVlyq2iMl,Hathi Raja,35,Sreejoni Nag
0Z249BwDLHqBjed3GkVJos,Apapun Yang Terjadi,35,Hindia
3VXAmanAmQk1E1RAH8nG1N,Jee Ni Lagda Slowed,35,Hindiblaster
4bhnRCiztLffGk8wtKr7U3,Machhli Jal Ki Rani Hai,35,Palak Gujela
1NlHHtJeqkdU8Hk0ppgDjC,Ladki DhokeBaaz (Hindi Rap),35,DeeVoy Singh
7Eb0Vi8LCUXKvoHazSSdDf,U N Me (English/Hindi Version),35,"Iraj, Sonu Kakkar, Bohemia"
0n1vRGpJU41KnRf1KFoxzV,THE GAME - HINDI VERSION,34,PART-H
60H5LxnmRJaSZwEyvuJ39W,Hindi Ako,34,Donnalyn
2CUZewkTKBRIfYUM3Itt4w,Kaise Main Kahun Tujhse Flute Version,34,Rahul Krishnan
4HMqkei69DJXfM05bs42Zt,Oursoul - Remastered Version,34,Hindi Zahra
5zhTimB2mFUd4KvR8zOAHW,Set Me Free - Remastered Version,34,Hindi Zahra
00K4cylROeRSgOjJjbSeBp,Hindi Ko Mamahalin,34,"Bugoy Na Koykoy, Sorrento Aze"
3guUvE3jqCp6zhgW9dABvY,Vashmalle,34,"Ajay-Atul, Sukhwinder Singh, Vishal Dadlani, Amitabh Bhattacharya"
3IVcqFtBsR0jLm1Z7nxGXt,De Ghumake - Hindi Version,34,"Shankar Mahadevan, Divya Kumar"
04fMjb2EGeuoQ581C2v7pr,Ok Lang Sa Akin (Kahit Hindi Talaga),34,"rhodessa, BRYLE"
2k7TOT8a9tXyI9tUP5XeKC,Stand Up,34,"Steadfast Raw, Hindi Zahra"
2rlWkJW5cr5i95PlP0rSaF,Secukupnya - Dipha Barus Remix,34,"Hindia, Dipha Barus"
1I29MCOTpfUReJVv3bjCWu,Kitne Bhi Tu Karle Sitam - The Unwind Mix,34,"Sreerama Chandra, R. D. Burman"
0CpQlNZoeY1VOKAc3Gixub,Hothon Se Chhu Lo Tum - The Unwind Mix,34,Mohammed Irfan
3Q87ZTM2h0D2u8gf7Rsck6,Wada Karo - The Unwind Mix,34,"Arnab Chakraborty, Akriti Kakar, R. D. Burman"
2cZLhZmEnMqeY9wdXiuySi,Neele Neele Ambar Par - The Unwind Mix,34,Ash King
72lOc99DGmsykXvYiM92Ka,Dilbar Mere - The Unwind Mix,34,Rahul Vaidya
1DhucK1BGbcZzBPREgEnwt,"Salaar - Final Punch (From ""Salaar Cease Fire - Hindi Trailer"")",34,Ravi Basrur
3iA84O3t4EPx0gjVP0Zqfh,"Tidak Ada Salju di Sini, Pt. 7",34,"Hindia, Dipha Barus"
6zssF0SZcC3R9NFTT07wrB,Badass,34,"Anirudh Ravichander, Raqueeb Alam, Hanuman"
4bXXWcMr1eIbBx05kL6AFt,Ready Chal,34,"Anirudh Ravichander, L. V. Revanth, Roll Rida, Ritesh G Rao"
30H2NhpeuRljaS5gBvy8MX,Maybe (Shayad) - Hindi Version,33,Jay Sean
0kTYhqwnXWZYCsCnun04X9,Stay (Tu Rahe) - Hindi Version,33,Jay Sean
6T8Khjj3U2AsIPpmGGplDW,PASKO'Y HINDI NA MASAYA,33,BLASTER
3Cj1TyMb7qU7q3IcqjWW88,Hindi Tayo Pwede,33,"Jason Steele, Lance Busa"
4p1Q5q8r3CqnxJPRMfcgOw,gazing up,33,Hindie
1EKi1hJHp8qXeMQtVVtT6o,Manike Mage Hithe - Hindi Version,33,Muzistar
0hWGN19owiVVfI2f3ePxij,People - Hindi Reprise,33,Nikhil D'Souza
7Dp1Bar2bL7TM6BOshgCPj,Zara Zara,33,Rahul Jain
32Z1g6ra7lf48Pp2gY0DhG,Homecoming (The Ayodhya Anthem) - Hindi,33,"Darbuka Siva, Vijay Prakash, Pavithra Chari"
6yYCt46oANv697NgCayvj0,Hindi Kita Gusto,33,"Gavv, northernroot"
7zRPI2zcXGQt7mQSTmhA0U,Hindi Kayo Bagay,33,ambo dolores
1olP7jBxaO93pejyql18X3,Aukaat Vich Rakhi - Hindi,33,Sandeep Sehgal
4za8jyRGSHB6wPECFG9uxI,Billi Mausi,33,WowKidz
5SRq0rlEoDJVJfRjTOTdRF,Nayda,33,"Flipperachi, Alaa Al Hendi"
35zmNFC2S2oiqJ7Xw7yuxT,"Salaar - Final Punch (From ""Salaar Cease Fire - Hindi Trailer"")",33,Ravi Basrur
5Ifwm9zN5mwQRi82wv36m2,Chanda Mama Door Ke - Hindi,33,Palak Gujela
7syuHuStTbaig68Bv2Xo1c,Shivoham,33,"A.R. Rahman, Sathyaprakash, Dr. Narayanan, Sreekanth Hariharan, Nivas, Aravind Srinivas, Shenbagaraj G, T.S. Ayyappan, Adi Shankara"
3HvrvIbVPM3ilI8dYae0xd,Hum Bewafa Hargiz Na Thay - The Unwind Mix,33,Mohammed Irfan
5FpWi98DLRFaL7i1MialSG,Dil Kya Kare - The Unwind Mix,33,"Arnab Chakraborty, Rajesh Roshan"
6B8d3SMThqYWU06evRLPkj,Pyar Manga Hai Tumhi Se - The Unwind Mix,33,Sreerama Chandra
0Cz9vyLWqDwuIBkt61VUcQ,Pal Pal Dil Ke Paas - The Unwind Mix,33,Mohammed Irfan
5gjiORWVz2GnClHjX0glhd,Chanda Mama,33,Sreejoni Nag
5tSgb2PiCfL6tjiImKIZJy,Chuk Chuk Railgadi,33,Sreejoni Nag
7H2liuLuRIVxtr8ajYlmbi,Mahamrityunjay Jaap - Hindi,33,Hansraj Raghuwanshi
2QwpIhEJmkGMDxK3XpNRFA,Lokiverse 2.0,33,Anirudh Ravichander
7vIFD3lTAqIxY2C4kVa2T6,Happiness (Music Box Sleep Music),32,Asia Hindi
3A6E1yj5u49H47KW9M6e1o,Hindi Madali,32,Anji Salvacion
2FDIEkBZTVg3Cncrv4mdHS,Hindi Ako Bakla,32,Michael v
5LKxirYjR1Bp1QxAzKvT9i,Sach Keh Raha Hai Flute Version,32,Rahul Krishnan
50r6HvR7MSm8C161tls4Y7,Rangaa Re Hindi,32,"Amit Trivedi, Sunidhi Chauhan"
73IlghDjES0nfp02TvFYKA,Ahiawa - Unplugged,32,Hindi Zahra
7brCR01D2xNnOV0zlZt8t9,"Jayen to Jayen Kahan (From ""Taxi Driver"")",32,"Talat Mahmood, S. D. Burman"
2lavwnADads66PmJO4iuvB,Ride It,32,Jay Sean
0SzmSH7tNjNjad8bQe3gnC,Meera (Hindi Version),32,Rahul Dutta
4gh6uq3pDCiOFRl42zH1WR,Fever,32,"Robert Glasper, Hindi Zahra"
0haRqlwPrMMOODyfCeejsL,"Tum Hi Ho (From ""Aashiqui 2"")",32,Arijit Singh
7ez7RRediXIl4anKfkmnXx,Blanko,32,Session Road
0AFnBeefbucvpgIFMC836s,Guruji Kirpa Karo,32,Puneet Khurana
70DWYSZMSxWSDNtVTGyesU,Man Kyun Behaka - The Unwind Mix,32,"Shashaa Tirupati, Prajakta Shukre"
1kj2sS6WawLXWaagUqEhQ6,Samne Yeh Kaun Aaya - The Unwind Mix,32,Ash King
4M7B3ZkNCvkBpkJa6zBaBK,Jaane Kya Baat Hai - The Unwind Mix,32,Prajakta Shukre
4lSq3TiZuqlSep9Y4bFwDZ,Chalte Chalte - The Unwind Mix,32,Abhijeet Sawant
4ozEMKUyagHEUmxykpSyZb,Kya Yahi Pyar Hai - The Unwind Mix,32,"Meiyang Chang, Shashaa Tirupati"
72pnvE9qOu3YTAahQk6GjG,Aise Na Mujhe Tum Dekho - The Unwind Mix,32,Ash King
4A1BWaF5zlcqFk3AGPDNFG,"Jala Jala Hai (From ""King Of Kotha (Hindi)"")",32,"Jakes Bejoy, Sahil Solanki, Shilpa Surroch"
6hReAe6zZxnPN0OfAsWirq,Sab kuch to mil gaya hai,32,Brahma Kumaris
7kvXqwcDQgPAdL7KyAGPrK,Bholenath (Vinash ke Dev Hindi Rap),32,"Abby Viral, Pankaj B"
1Dsg8ihIOw9ZWCL9v3gpt8,Bloody Sweet,32,"Anirudh Ravichander, Siddharth Basrur"
1HkeKFmv777OQBEzc0Qcly,Old Friends - Remastered Version,31,Hindi Zahra
2GymJlngKmk70nOLJ3Z3dS,Hinding Place of the Soul,31,"By RelaxingD, Relajacion"
00WNfqLUIIwSstWJpD9EKX,Zara Zara Bahekta Hai Flute Version,31,Rahul Krishnan
1FLyhOaMv23f5XoAWffPUD,Timtarin,31,"Tamikrest, Hindi Zahra"
4hfiYv52g35Q4CBrG2i4u0,Hindi Ko Alam,31,Room for Cielo
6EGqxvmpZKTbcii9aU6VNN,Hindi Alam,31,"Gabby Alipe, Autotelic"
2ekndmg7sDPhHSIy1VEjI0,Feel the Cold,31,"Blundetto, Hindi Zahra"
5B8AKe28MtWcEJwDF3rlb1,Broken Ones,31,Hindi Zahra
3yL3Hm1AQjQPqiBRBfNRlk,The Moon Is Full,31,Hindi Zahra
2cmUmadKL0WaOM4h2sjOpZ,To the Forces,31,Hindi Zahra
07Pf4FqPt0KiKdzpZlEx1O,Hindi Tayo Pwede - Live,31,"The Juans, Janine"
4d5fdmyQflek8ddU31NQxT,Kung Hindi Dahil Sa Yo,31,"KDR Music House, Jonathan Dumanais"
2ZUscFJKhPnSc57Yq9WUby,"Ae Mere Dil Kahin Aur Chal (From ""Daag"")",31,"Talat Mahmood, Shankar Jaikishan"
3GQUIxEhniAOFQRNJ1cfCh,Hindi Pa Natin Alam - Duet Version,31,"Trisha Denise, Benedix Ramos"
3H3KHEifg4i7RZedDqZeX0,Titli Udi Bus Mein Chadi,31,WowKidz
2gbUdSujGDgrQjZYrJxBoJ,Manzoor-e-Khuda,31,"Ajay-Atul, Shreya Ghoshal, Sunidhi Chauhan, Sukhwinder Singh, Amitabh Bhattacharya"
478YZXFBXJSBZmuhYkImWu,HINDI KITA KAILANGAN,31,rienne
1vC7RSTZOi8D4bPDgY1gki,"Ruaa Ruaa (From ""PS-2"") [Hindi]",31,"A.R. Rahman, Shilpa Rao, Gulzar"
5C3X6QpPGGuFIlvwM8Eh0B,Akkad Bakkad,31,WowKidz
6oB7bLzZYyyAFxQNNiId4x,"PS Anthem (From ""PS-2"") [Hindi]",31,"A.R. Rahman, Arijit Singh, Benny Dayal, Nabyla Maan, Gulzar"
2zj1RZ2HpdczzgpT9j966y,"Salaar Cease Fire Hindi Trailer Theme (From ""Salaar Cease Fire Hindi Trailer"")",31,Ravi Basrur
6Mofw5TbhSoS7OswSkK63g,"Kaali Maa (From ""Salaar Cease Fire - Hindi"")",31,"Ravi Basrur, Riya Mukherjee, Shashika Mooruth"
0iCemKB1Oy5yzcJsJwgvFp,Yeshu Masih Tere Jaisa Hindi Christian Song,31,Brian Masih
3fYoZD7OuRf0treThAiNCF,Don't Look 2 - Hindiblaster,31,Hindiblaster
2vmymgVC7aGQXQjfqugicF,Roz Roz Ankhon Tale - The Unwind Mix,31,"Akriti Kakar, Anubhav Suman"
4FzLFrHCyDyCtSoigKe0l3,Don't Forget - Remastered Version,30,Hindi Zahra
0isBdHxImW7KVnw2PeXP9s,Friend of Mine,30,Marco Sison
2Cml0jlz9AKpigo1sNgdQf,Aba Bakit Hindi?,30,Nadine Lustre
6ZLayBMFfRSHTyyJxTqhKH,Music - Remastered Version,30,Hindi Zahra
57QyeV4hSKhlYUs6jQeCTA,"Yakap, Yakap",30,Randy Santiago
3zn3q3HEicxLi0CA9Z1e6x,White Birds,30,"Blundetto, Hindi Zahra"
1ZkfnX4qKMC4B5XBSxGkuN,Ek Ladki Ko Dekha Toh - Lofi Reverb,30,"Darshan Raval, Rochak Kohli, Naresh Narayan"
3AdeOvZ8p7m8Epr4YloRkq,Hindi Kita Pipilitin,30,Nemic
48Ksc1Faz3aiTaHtmgMK9B,Verità-sarà,30,"Enzo Avitabile, Hindi Zahra"
3JujxOWilQZB9SEG4WrrUD,Kung Hindi Talaga,30,420 Soldierz
6xbxWHGiOEwDczwsUJJShY,Chal Mere Ghode,30,WowKidz
0M0Sh2lIgrbnjjZMYtuTfN,"Barse Re (From ""Manush"")-Hindi",30,"Shreya Ghoshal, Abhay Jodhpurkar, Aneek Dhar"
0nBqWhfrfcJgrc62BSm4I8,Dhamma Vandana,30,Surykirti
4zQgc6cbgKoQUXWHB5fC4t,Sugandhi Pooja,30,Surykirti
78HvhgAiB1G7cPGzq5NXEq,Hindilona,30,"Mano, Sujatha"
0CaNT2CRJ3hV8JKTr0T4jj,Veeran Jai Bajrang Bali - hindi,30,Hansraj Raghuwanshi
1QAbDI9cPWBhIBJdWtiodt,Aloo Kachaloo,30,Videogyan Nursery Rhymes
2lzQehrLl9Ccup8hQhBkXA,Jazba,30,NAALAYAK
4zcNg4w0Kvrd1zGlV9ZCgF,Aaloo Kachaloo,30,Sreejoni Nag
202G3SgzqRcOI9fk96ODAk,Nache Nandlal - Hindi Song,30,Indresh Upadhyay
1q0c5EVxaVPahCSF6ljfUb,Jug jug jie tero lal - Hindi Song,30,Indresh Upadhyay
5BCgq0nlmIHzkvJgf48hUi,"Dola Re Dola - From ""Devdas""",29,"Kavita Krishnamurthy, Shreya Ghoshal, KK"
3rLlCGJVNquWrcosEnksVJ,Imik Si Mik - Remastered,29,Hindi Zahra
2yv0MKes8mhxO4hqD2ALbU,Hindi Na,29,Jonathan Andres
4TyCVCimvigLyb1MRcopFD,Dil Ko Tumse Pyar Hua Flute Version,29,Rahul Krishnan
2tr9QT64qmf3A1COnUn5SZ,Bakit Hindi,29,"Gloc-9, Billy Crawford"
7x9pQBoQpy7JlWaWBnx3wP,Parang Tayo Pero Hindi,29,"Angeline Quinto, Michael Pangilinan"
5tugyOHEEEVeRJGQWUIo6u,Andha Arabikadaloram - Live,29,A.R. Rahman
4tUnRzuZam6ifr0g2XyuzT,"Ruaa Ruaa (From ""PS-2"") [Hindi]",29,"A.R. Rahman, Shilpa Rao, Gulzar"
5dhLLzwFXXK9XOMJJH2WtX,Hindi Siya Magiging Ako,29,Jen Cee
2HZezwlOx8UzJHslz8x1ye,Bulag Na Pag-ibig,29,Mimi Baylon
2UHWntoewvvhzAgG6nnhlW,"Sheila Ki Jawani (From ""Tees Maar Khan"")",29,"Sunidhi Chauhan, Vishal Dadlani"
00eX7pr8hFg4ncpD2aJoxc,Para Hindi Ka Mawala,29,Rico Blanco
7Cc5qegzGyAisB5P73nTbv,Hindi Na Sayang,29,"Dizzy Mike, RB, Mrco"
0tEkliwDIZcaNdRMkdssSH,Malwa Block (New Version),29,Hindiblaster
1HX0hiVMIEkHKTE6zTo5T7,Bandar Maama,29,WowKidz
5cJT0pVAjcbRTCPQlutRji,"Lungi Dance (From ""Lungi Dance"")",29,Yo Yo Honey Singh
69aSifytAdMg3tMcc4rbwO,"Sunn Raha Hai (From ""Aashiqui 2"")",29,Ankit Tiwari
1y2nFXUs8QNzZRJIaXv5Ij,Janji Palsu,29,Hindia
0vJRZaHrFatyxdBm0KsSLP,Main Toota मैं तोता (Hindi Nursery Rhymes),29,Jamure Kids
2ZTsDRXmQzM6r3kQFGYsYj,Hathi Raja Kaha Chale | हाथी राजा कहाँ चले | Hindi Nursery Rhymes for Kids,29,Jamure Kids
7xd7ZzwASVMEsjFnyyz1i5,Hindi Ko Masabi (feat. Mhyre),29,"Still One, Mhyre"
3fGFanAxxXr8bOIp9rhoQJ,Hindi Kami Damong Ligaw,28,Didith Reyes
72UtEt5oG4Bj4JmKMZlThO,Love Nwantiti - Hindi,28,Kajal Sharma
3Fnf2gRVrgOcbaEEUh5AMX,Shree Ramchandra Kripalu Bhajman (Hindi Adaptation),28,Om Voices
0AJ5IHHNAZAZM0LVg6NWCu,Baadal Raja,28,WowKidz
3gTznx8wFRpqtEx7B6wOBA,"Pinatato, Pero Hindi Tinadhana (FYB)",28,ambo dolores
51yukCuWJy5zz7BH3ao0Gi,"Munni Badnaam (From ""Dabangg"")",28,"Mamta Sharma, Aishwarya"
4Duj86WRIwv9H63GF4uDa5,Panchshil,28,Surykirti
0Pw1UCZPglasohjHtLvTT4,"Galliyan (From ""Ek Villain"")",28,Ankit Tiwari
3ew2yyTCcd3EIgb7KcNabH,"Sanam Re (From ""Sanam Re"")",28,"Mithoon, Arijit Singh"
1Zy81Rp3H9buaDJCPa07ye,Until i found you - Hindi Version,28,"Aadil Rizvi Music, Shuddhi"
2tRkqGl8PUozoFS0C1JFiQ,Hindi Na Bale,28,Bugoy Drilon
42Bw3uwEaKFKnrgjbueLbD,Kung Hindi Hihindian,28,Kim Nemenzo
5yxXTALRGVq4l2yzrBSyt3,Sahil,28,NAALAYAK
2vAWzsdibWVyqWrVDK1RJt,Wine Am Go Low (Hindi Remix),27,"Boybreed, Rashmeet Kaur, Zarion Uti"
6mYKSLdkh4qPJVZUX496m9,Hindi Ko Kaya,27,Imelda Papin
2yfaIaNjrfOaH49PftzLxn,Hindi Na Bale,27,Plethora
3orVl38eBLjTsK4LD3GXRu,Kahit Hindi Naging Tayo,27,Willie Revillame
7EIjuueSIkiAGkrqgfUdRa,Dream,27,Hindi Zahra
6upqevyg9qqOKBouAs2B9E,Hindi ko Na Kayang Masaktan Pa,27,Ogie Alcasid
1afvnXdKUVc88Kv0ASuWb7,Hindi Pa Huli,27,"Team Sekai, SevenJC, ICA"
4zo6JerXWcCbt4ZZl6JWWC,Tuloy Pa Rin,27,Randy Santiago
32eEfqMKYXJ3Jack8QEQIZ,Hindi Nag Iba,27,"Binangonan Hustla, 2ldok, mattik, lanz"
36ecBM9hMAzW00suQpZYn6,Hindi Mo Ba Alam?,27,Siakol
6SkCF6eLhOqwmTFhKwigQb,Mohtarma - Hindi Version,27,"Khasa Aala Chahar, Upasna Gahlot"
7q1vNxq4IzufylSAOsvSA2,Bella Ciao Hindi (Money Heist) Humne Jo Kiya - Hindi Version,27,"Krishan Verma, Vikram Sharma, Himmat Singh"
4nVsfeQkg5Hk0Ne2ztEPsl,Hindi Na Ko Lilisan,27,ambo dolores
0bA3o8lCSzGw8b1SyjjL0W,Sword + Gun,27,"José James, Hindi Zahra"
4lvE3dwpIRj2i9owuOvLCT,"Pee Loon (From ""Once Upon A Time In Mumbaai"")",27,Mohit Chauhan
0yxFJQQPKoEbViHOraywAK,Apna Bana Le [Lofi],27,"Hindi Dance Vibes, New Traditions Crew, Lofi Beats And Remixes"
2c2sGZkwBEPsJDsZHSRNox,"Dilbar (From ""Satyameva Jayate"")",27,"Neha Kakkar, Dhvani Bhanushali, Ikka"
2imo0byBr2QXBqEdfB8gxT,"Hungry Cheetah (From ""They Call Him OG (Hindi)"")",27,"Thaman S, Ritesh G Rao"
2zJHiPDIbOBVtGNpZwYeod,Bodhi Vandana,27,Surykirti
5HbUP4UzokeQWzv1vMdB1N,Dil-Ae-Raza,27,NAALAYAK
6UcOp5aU3kfI6cfmGG2du2,Bandar Mama,27,Palak Gujela
2IuIZ4k9Dodake65vIxedn,Hindi Bibitaw,26,Dro Perez
3KCqGWuJ2ALOjXrXbjbA1Z,Aabaad Barbaad - Remix,26,"Hindi Song, Hindi Music, Hindi Remix Group"
4wbS5dN28uygnBPKWHWaAo,Hindi Na,26,The Company
7sH2OAotpZd1OLQF2FJEbm,Hindi Pwede,26,"Ednil Beats, UNXPCTD"
1CwV3Gek0GE2nikD3bVpU0,Hindi Ko Kaya,26,"Team Sekai, SevenJC, Tyrone, Arcos, Daniella"
3wMrkUHUdwwhhn41k42vOv,Guru Ji Mantra Jaap - Hindi,26,Puneet Khurana
5X3LkKjuk0JckqbtHdKmJE,Hindi Makapaniwala,26,Rhyne
04ry07aeaZz1314Ni9MuAq,Do Chuhe The,26,WowKidz
6rPF0qYAqhhEeczVITXQL8,Chuhiya Rani,26,WowKidz
7hKNkrzFEyKv1moiaojNLC,Hindi Colors - Andrea Belli & Dave Roy Bland Remix Edit,26,"Mario Saso, Andrea Belli, Dave Roy Bland"
386Ep5fVn5BYaBrlty2moa,Lala Ji Ne Kela Khaya,26,WowKidz
4FMmW1XkEhFvfBvezlj2IO,Choti Si Munni,26,WowKidz
0k7NAiV2rjN2lyIQg8DBUO,"Kaveri Se Milne (From ""PS-1"") [Hindi]",26,"A.R. Rahman, Swagat Rathod, Pooja Tiwari, Sanah Moidutty"
5uco7aMh0I1jz8fW6VLpdh,Chetiya Vandana,26,Surykirti
348XEwX3DRp0ZfpSHqyNvh,Megha Re Megha,26,"A.R. Rahman, Jonita Gandhi, Antara Nandy, Gulzar"
0r5jr4p1MsWrYEcZa1YHk2,Sanu Tera Milna - Hindi,26,"Magar Ali, Karan Kumar"
4DabL8VMsVIN7fVxncPfZB,Ghar,26,Sreejoni Nag
5lvbtyzD3AUQM91MqdX4Dk,Hindi Kita Malimot,25,The Lettermen
46l0SjG0NJfR2vQgHvbBoN,Hindi Kita Malimot,25,Eva Eugenio
2n7KnGSS1u9RVGoKBmHryh,Hindi Wala,25,Juris
5EyxAbeZDTyFfsu6sHbp2h,Hindiedance,25,HIGHLITE
65HQZ651en8q9pMyRLk9IW,Hindi Na Ba Pwede,25,Freestyle
1AW33afb1b3V00t2QqkpEZ,Beautiful Tango - Remastered Version,25,Hindi Zahra
68dGEgO3y3nxl0cu4rRbmj,Hindi Na Nga,25,"Sam Mangubat, KIKX"
5VbZxftKfCBxkc4eEGq7JZ,Aloo Kachaloo Kahan Gaye The,25,Hindi Rhymes by LooLoo
1KIcEITRfAmwcsmSajOisO,Hindi na,25,"Gat Putch, Awie, Cent Got Beats"
5ZuYBJYsiwHqWLtcCBviLs,Feel the Dub,25,"Blundetto, Hindi Zahra"
73zVmTuvV8sAFwMkygsDpz,Hindi Ko Naisip,25,Paul Sapiera
7kP8dbiMKm83kOAmy1GcuQ,Hindi Ako Mawawala,25,El Manu
4VIEYD65OYV34hKajLCFDM,Hindi Bato Ang Puso Ko,25,Bing Rodrigo
5GtFhnpUdLmNFVG9FBHvKj,Dher Tak Chala Hindi,25,Arijit Singh
0JlzKgpLI2oaYzxGdC8FCn,Pusong Hindi Makatulog,25,Mikoy Morales
2jVMhXjF4fjJFIJOGsJVgs,Hindi Ko Kayang Iwan Ka,25,Hannah Precillas
1ao04rs5amSWm0U2PTfH7X,Kahin Door - Lofi Beats,25,Sanam
1tGygWdu5WObCXjszJ4CbA,Hindi Kita Ka-Close,25,Bugoy Na Koykoy
6jhu3T0iGJhltMDRXUTqvL,Barish Girati Ghas Pe,25,WowKidz
0vIzEhPcNPpEcNx1bp22mA,Yeh Fitoor Mera,25,"Hindi Vibe, Indian Heart"
1SpoEsHgTJpfM04mjNN0z4,Maybe - JRemy & BobbyBass Remix,25,"Jay Sean, JRemy, BobbyBass"
4Pod6iIbANYSkThS0Cy7yB,Mera Bhola Hai Bhandari - Hindi,25,Hansraj Raghuwanshi
4k5cZR2KpVSwAxwKmXR1BS,Genda Phool - Remix,24,"Hindi Song, Hindi Music, Hindi Remix Group"
626UIiiDqU3eIHprUZZFkp,झूमे जो पठान,24,"New Hindi Gana, Indian Dinga Dinga, Hindi Band"
3WKZTPDqjSX1gIjnIVJzmv,Hindi Ko Kaya,24,Josh Santana
4fxjUQNwnAf3WIjDeKLLG1,Vivah Bhatiya Bangala Rat Bhari - Hindi,24,"Lata Shastri, Naresh Gurjar"
2aa4dA4YMxbCxF136SPiht,Jamal Jamaloo (Jamal Kudu) - Hindi Version,24,Sudha Biswas
1FJ3S6WpOHUIUY4FJY3ah0,Hindi Lahat,24,Ex Battalion
5LoqSK4OTqFxOYkvDH3mOl,Hindi Magbabago,24,Arthur Manuntag
6XWW8NL19Ktfzces1FZpOe,Hindi N'yo Alam,24,P.O.T.
3QnJwa8Gs1hGv1nSOILn77,Hindi Sapat,24,"Gloc-9, Denise Barbacena"
1E6HidpN8sHfir2dda3dIf,Gayatri Mantra Harmony(Hindi Commentry),24,Jagjit Singh
0qY4vAYsMfklViw9P6NJT8,Hindi Alam,24,Autotelic
5OJiEmfKFkzMN1AsGwRbVr,Fly Dub,24,"Blundetto, Hindi Zahra"
49eb4KuxleudjMuAa9CNR2,Aigiri Nandini (Hindi Adaptation),24,Om Voices
7FeKCnIdi6M1K9BWMcir0S,Chanda Maama,24,WowKidz
4Cfm5Mu0RcXMlpky02AkEm,Chuk Chuk Rail Gaadi,24,WowKidz
45cA3UAM5ilWj4Y4V5IN8p,"Chola Chola (From ""PS-1"") [Hindi]",24,"A.R. Rahman, Vishal Mishra, Swagat Rathod, Mehboob"
54B69rtSdOPSd90bjVC5tb,"Din ka hai Tara Mera (From ""Manush"")-Hindi",24,Sonu Nigam
55iAWSexGOC9vJgYCtAgWS,Hindi Na Ba Pwede,24,"Jeremy Secuya, Kuya Bryan"
7cpVfGn1JWdIlI7A25gLDi,Hindi Na Iiyak,24,"Still One, Joshua Mari"
7i8Qs5Xmz6KnIlUmCDidF6,Hindi Ako Ang Nawalan,24,"Serpiente, Makatang kusinero"
1Nb3VFKyqm2UqtoW66DQqZ,"Salaar Cease Fire Hindi Trailer Theme (From ""Salaar Cease Fire Hindi Trailer"")",24,Ravi Basrur
4h1UHFuVHJDYSd1ipEEQgL,Hindi,23,Oz Sparx
1bsXSxCrzlx9uYeuZLL0W3,Sabse Unchi Prem Sagai - Hindi,23,Gaurangi Gauri Ji
0tJv1H4U64El1IB9R5u9jI,Hindi Kita Malilimutan,23,Gary Valenciano
6dzq8MkIqE416h4ZuA6VQC,Faraar - Remix,23,"Hindi Song, Hindi Music, Hindi Remix Group"
3zTwEBi71KcM7WyvG5P24a,Kiss & Thrills - Remastered Version,23,Hindi Zahra
1QaTzmmY3Sxu4hwxhqnT0O,Thing You Want (Hindi),23,"WENGIE, Shalmali Kholgade, Ikka"
31Pmtru8Ucm37nYpXvto0W,Sajna Hai Mujhe Sajna Ke Liye (Chill Mix),23,"Asha Bhosle, Rahul Chaturvedi"
4oSvf4A69tnX3VS2SxyMC6,Just Say I Love Him,23,Hindi Zahra
16rznLov1DVHMSr0BXb5mK,Fascination - Radio Edit,23,Hindi Zahra
3a7dvjFxQ1pX9o2z50w7HG,"Teri Chamakti Aankhon Ke (From ""Chhote Babu"")",23,"Talat Mahmood, Lata Mangeshkar, Madan Mohan"
0soNyUxxz5JLmzxfhbLEhU,Stand Up - Remastered Version,23,Hindi Zahra
7HRuc9yJX7oVxA8LNF95H8,Oursoul - Remastered Version,23,Hindi Zahra
08YQU1iC6NQDM42miUbnJu,Tose Naina Lage - Lofi,23,"Kshitij Tarey, Shilpa Rao"
5dP2FfATKgtkxAF9qgXhyP,life of pain Hindi rap,23,golden shah
542koLaJJEfFXn7YBLnhtg,Hindi Ako,23,Donnalyn
584Izy2tRc9Y0081cqOO4z,Aao Bhai Aao Kyon Bhai Kyon,23,WowKidz
3FsEImoCzVL3hdb4OODfkN,"Dil-Ay-Nadan Tujhe Hua Kya (From ""Mirza Ghalib"")",23,"Talat Mahmood, Suraiya, Ghulam Mohammed, O. P. Nayyar"
6xlTJwzkBpt91hmxfhqO3f,Dhobi Aaya,23,WowKidz
6aWT5BJIO3pxySZcH2ycip,Chandamama Gol Gol,23,WowKidz
49bUXJoWkDjB665UdzTyVT,Billi Gayi Dilli,23,WowKidz
6zHX3uv5yB2fD4ASb2B8Fx,"Pyar Manga Hai Tumhi Se - From ""College Girl""",23,Kishore Kumar
0ojJdOiis4YEpABQWetbOO,Gaouria,23,El Hindi
4AYMJBGXzTTnqlxTYp3ofb,Chuk Chuk Train RailGadi (Hindi Nursery Rhyme),23,Jamure Kids
0USQMJrUXAhwMxEQ0zO4Au,Bol,23,"A.R. Rahman, Shreya Ghoshal"
4wwY28rJ5tguixKDOttZ5h,Morya (Hindi),23,Navraj Hans
3Vngf8uXkSaHjZU1XQtuxO,Hindi Ako Nagbi-brip,23,Mikerapphone
48FMzfzwi79XXSALdfTLrZ,Hindi,22,MYLØ
5AmekBD8x9RIu9MMX81aYz,Beautiful Tango - Remastered,22,Hindi Zahra
2YkaYBuNTCRytAdR7SOFM6,Tera Lal Sharara - Hindi Song,22,"Anamika Ranjan, Ishu Aly"
2WKPhJJAq5yajU264erQqp,Hindi Ako,22,HUNYO
2XZChAvIKhSEROL4w30U2J,Titliaan Warga - Remix,22,"Hindi Song, Hindi Music, Hindi Remix Group"
4btgJd76IVgQFgJOso5cZC,Baby Girl - Remix,22,"Hindi Song, Hindi Music, Hindi Remix Group"
2AQDDvlw5GlV9UdDTOcwA0,Hindi Ako Bibitaw,22,"My Day the Series, Paul Ramirez"
6mhRBjDYnhglAi4T1Wj17g,Hindi Ko Kaya,22,Geneva Cruz
2cYiTZDRdUPabiii31b9Zx,Voices,22,"Blundetto, Hindi Zarha"
2zX2cWNFC3ckKLpIIlR36g,The Gummy Bear Song Hindi (मैं हूँ गमीबेर),22,Gummibär
6agfOlgRqfuUBAPcnJuf70,Imik Si Mik - Remastered Version,22,Hindi Zahra
4HpN7lmtezcu3ufYAoCbyt,Ocean - Sunshine Mix,22,Dj Hindi Bacha
2oechgO3uXyqAmj6p0kpAY,At the Same Time - Remastered Version,22,Hindi Zahra
4sXcRK1085gu7wiTCQ22ul,Kabhi Kabhi Mere Dil Mein - LoFi,22,Mukesh
2utq4IWTNx32M2mid8DTcn,Friend Like Me (End Title),22,"Will Smith, DJ Khaled"
0f2PLo3cNTJS93Gk2IP0Nr,Wheels on the Bus Hindi,22,Taarak Mehta ka Ooltah Chashmah Rhymes
49TsUGcyXqXVmhU6UxJGOx,Set Me Free - Remastered Version,22,Hindi Zahra
5cYgBAxcIS49DDOh3pDHFz,Hindi Na Ako,22,420 Soldierz
09fXWbIz27YoY5OZ1E866F,"Suit Suit (From ""Hindi Medium"")",22,"Guru Randhawa, Arjun"
6Ozyb3fGY0LosG6wIFF4Jk,hindi katumbas,22,"unikko ijo, rod balaan"
3fIJMkl2DtAoEKoMORJKcw,Hindi Na Dapat,22,"Yhanzy, Joshua Mari, Zync, Gcran"
0hvMFM6yBMl9EtT8Ysp4fk,"Kya Yahi Pyar Hai - From ""Rocky""",22,"Lata Mangeshkar, Kishore Kumar, R. D. Burman"
71TlYF6goDmnI9r3tRcN02,"Gulabi Ankhen - From ""The Train""",22,"Mohammed Rafi, R. D. Burman"
59EWbx2RWMoYhxp1P7qtYO,"Leke Pehla Pehla Pyar (From ""C.I.D.'')",22,"Mohammed Rafi, Shamshad Begum"
0MvBiXGo6ZDR2q5feDCsbm,Parshvanath Stuti - Tumse Lagi Lagan,22,"Arohi Anil Agarkar, Ragreshree Anil Agarkar"
23WS7twkde0MfKHh4ZCUfY,"Chola Chola (From ""PS-1"") [Hindi]",22,"A.R. Rahman, Vishal Mishra, Swagat Rathod, Mehboob"
6Nl5KHVoW3weQQAQbHQZ5d,Nang Hindi Mo Alam,21,Kristina Dawn
3EXtl2oVWcssHUOMYEgDAW,Ako'y Hindi Anghel,21,Hotdog
1HGwGLVHeLT30xAfCoLDjC,Hindi Dambora,21,Haji Rangin
40i9LqEFBUDfVdOAllqkf3,Stand Up - Remastered,21,Hindi Zahra
4dxfOkT0PcZrd6znG8k3gb,People - Hindi Version,21,Koki Beats
2my5nbJXCtWsCYrO9iwZMs,Hindi Na,21,Pricetagg
2y7O6tH1lgdGE0ohe5UlhT,"Kushi Title Song (From ""Kushi"") (Hindi)",21,"Hesham Abdul Wahab, Raqueeb Alam"
1X09py04t6sPhnuZlsHYRd,Gym Hindi Workout Fit Motivation Workout India Fitness,21,"Gym Motivation Work Out, Fitness Motivation Work Out, Boxing Motivation Work Out"
0OWMrZrnSviaiYfn8mZzBC,Deewana Main Hindal Wali Ka,21,"Azeem Naza, Hamsar Hayat, Tasleem Asif"
3EsBI5lRrJIwsn26xOgz2K,Hindi Na Pwedeng Ikaw,21,Jen Cee
6WBOpRlT7VzUb22jMf3RZS,Music - Remastered Version,21,Hindi Zahra
0qqrgtddCipn9pGYOxSgcb,Bade Achhe Lagte Hain - Lofi,21,"Amit Kumar, Silent Ocean, Nitesh"
5xQ8WoZPPFdXXS05m35bF6,"Namaami Namaami (from ""Kabzaa"") [Hindi]",21,"Aishwarya Rangarajan, Santhosh Venky"
5ie5t1k8bsJpmq4tOXgt2i,Bakit Hindi Na Ikaw,21,Jen Cee
2TD5q5UZEGnPsHhJsJwqNS,Hindi Sapat,21,Steward Cinco
0vrUtmX4HedyyMueIAD3fX,Gali Mein Aaj Chaand Nikla - Lofi,21,Alka Yagnik
1OyyD9lyqpjmUyCsJ0YV0f,Shiv Tandav Stotra (Hindi),21,Ashutosh Rana
6cAGLm9XZ0lUBmgsMxw83t,Chandaa Mama Aao Na,21,WowKidz
4qIDHtzWWUBNH7FPa6FDrw,Hindi Sapat (Live),21,"Gloc-9, Cooky Chua, Ryan Cayabyab"
4wpGWRJNCrNeoDrPJo9VYb,Ghadi Hai Karthi Tick Tick Tick,21,WowKidz
3zbst064cQEX2SLxpQgh8R,Beautiful Tango - Unplugged,21,Hindi Zahra
0aENbkJD4JX2gnuJoI0uUu,Hathi Raja kahan gaye? Dhoondo re | Hindi Nursery Rhyme,21,Jamure Kids
0FUzUEOxPN3GdtddJc6vB8,Love Is The Answer - Hindi Version,20,Weezer
1nZ2ux4sXCaeR43lYLToAL,Hindi tayo talaga,20,Austin Barrios
2knWpiSkdjUghnwQvAPogF,Hindi Na Masakit,20,ALYNNA
7nkRVmrmnBdm5Vx2VOzvok,Hindi KO Akalain,20,VST & Company
0Rn3VfPB1ljIrTZRxJPlVc,Dekha Ek Khwab (Chill Mix),20,"Kishore Kumar, Lata Mangeshkar, Vaibhav Singh"
2hTAZ9LpzZ4mieVKdkNu0O,Hindi Ko Naisip,20,Garry Cruz
49QHNsNyJOcoBf1iyFCWY2,Don't Forget - Remastered Version,20,Hindi Zahra
5Mtvv1aCDHeCHW4nsQEMHz,Thoda Dhyan Laga - Hindi,20,Chetali Dutt
6D3ztQoMmbuXmPDKLdkAVt,Hindi Na Nga - Acoustic,20,This Band
6orIDRS3ZSyTwtG95g3nw8,Hindi Pwedeng Minsan,20,"Bugoy Na Koykoy, La Quica, Sorrento Aze"
3CqNlOyXZ9QrttdXMivIVJ,Chatha,20,WowKidz
6h5HGtXp4QdZZCmQqAJ4ty,"Hothon Se Chhu Lo Tum - From ""Prem Geet""",20,Jagjit Singh
7JYwe8WQ96coUNla2AEOBr,"Mausam Mastana - From ""Satte Pe Satta""",20,"Asha Bhosle, Dilraj Kaur, R. D. Burman"
1bq9JZYreHAZUinQRzyewk,Inkaar Theme (Hindi),20,"Papon, Shahid Mallya"
11zm0nW2adh4ampZEhNUP9,Vaishno Devi Mantra,20,Shri
2ZtVlXtyTZHM1uQDOZUcSx,"Raat Ne Kya Kya Khwab Dikhaye (From ""Ek Gaon Ki Kahani"")",20,"Talat Mahmood, Salil Chowdhury"
6Y4DU3d27Tt9BuM963xPK9,Ek Madari Aaya,20,WowKidz
5fqaR7XjZdxLrUYr0Gde0G,Koyal,20,WowKidz
5F2sgExD8J41MjE0HUZQF8,Ek Mota Hathi Jhoom ke Chala I एक मोटा हाथी | Hindi Nursery Rhymes,20,Jamure Kids
5BYzOC5RMq1uQMeoSCTCO3,Meri Gaiya Aati Hai,20,WowKidz
0km5xXzu9tHVHQcvbbvQjF,Still with You,20,WeWakeMusic
0pcN8wcHWwEGMCwQjjrqnb,"Maar Daala - From ""Devdas""",19,"Kavita Krishnamurthy, KK"
3S9fOD6gq5mneEWBbjX3i4,Hindi Laro Ang Ibigin Ka,19,Anthony Castelo
5viR4t9D5cD9DjPl4WG1eA,Hindi Na Muli,19,Sharon Cuneta
05MtxBmBqfOKKftxKtjwH1,Hindi Kita Malimot,19,Martin Nievera
3V9qyucSaYoipAghIa0EZE,O Saki Saki - Remix,19,"Hindi Song, Hindi Music, Hindi Remix Group"
4Dv2cDccu5wpqdDME22KvN,Old Friends - Remastered Version,19,Hindi Zahra
0qtg9xN1xVZZ6I7fu0HAMW,Hindi Ko Akalain,19,Leslie Montes
28z55kc7gfwybkeZfHsMxG,Voices (feat. Hindi Zahra),19,"Blundetto, Hindi Zahra"
7CZ00oA3kaeJ9AGH0PHwnX,Hindi Kita Malimot,19,Didith Reyes
3e59u1uIxLM9rojIizguLs,Hindi Na Kaya,19,"yshy, Rajondo"
0s1iCjDdYKtrpPNIJMbMN4,Hasni,19,"El Hindi, Cheb Nasro, Yasmine Ammari, Bouzid Ammari, Souad Bouali"
4gjtslJZp3SXxvKIlltP1e,Jiya Dhadak Dhadak Jaye - Lofi,19,"Rahat Fateh Ali Khan, Silent Ocean, Nitesh"
2wyBGdabKpQAcTj5GMlp6z,Badan Pe Sitaare - Lofi,19,Deepanshu Ruhela
46o19o8yQHxnnjROdgoLxW,Dakiya,19,WowKidz
1B7U0GDmLzcHeFEA8z47Kn,"Maine Poochha Chand Se - From ""Abdullah""",19,"Mohammed Rafi, R. D. Burman"
4Jej0cw6IyXGsNQOEaeXRg,Hindi Ka Naman Sa'kin,19,Fer
4HDrwwovw2OVKL9muo5AWL,Hindi Ako Magsasawa,19,Luis Baldomaro
7qXaUVk1h2ahvPq4ktjwKW,"Classic Opm Hits Medley: Sa Ugoy Ng Duyan, Hindi Kita Malimot, Saan Ka Man Naroroon",19,Aiza Seguerra
3BspeEo2z3pkR9tVDLJ9BH,"Hamse Aaya Na Gaya (From ""Dekh Kabira Roya"")",19,"Talat Mahmood, Madan Mohan"
3RgbW6L7VHG9dHip3PYgMx,"Hindi Kita Iiwan - From ""Lyric and Beat, Vol1""",19,"Seth Fedelin, Jonathan Manalo"
1NQcr52Vj3Q0lvt7O2hiYP,Stay,19,Jay Sean
054KX1n49fNUOFmZ403hQm,"Hum Tumhen Chahte Hain - From ""Qurbani""",19,"Kanchan, Manhar, Anand"
4OjGVN5Y7PEgEG5mZaTmct,Billi Bole Meow Meow | सीखो जानवरों की आवाज | बच्चों के लिए | Hindi Nursery Rhymes,19,Jamure Kids
6n1Uf2ahEChZfSVo5SRPCy,Love Is The Answer - Hindi Version,18,Weezer
1GLQBYPVISn0Cc7xWGQo5Z,Tera Ban Jaunga - Hindi - Remix,18,"Hindi Song, Hindi Music, Hindi Remix Group"
3n8O21ytEA4Y8J38RbdcWC,O Hindi,18,Fred Panopio
5MzBy5VVqap3vi6tVRynW4,Kamariya - Hindi remix,18,"Hindi Song, Hindi Music, Hindi Remix Group"
5ykidXeY3rOHstGkqYFlVA,Munda Hasda - Remix,18,Hindi Song
0zlhXgHWzPID0kKyGoxVJu,Hindi Susuko,18,"Kjah, Juss Rye, Kean Cipriano"
5x6C2NJYaR9dNQlrezHFDK,Hindi Kita Malimot,18,Roel Cortez
69D0HN319tP9mQHf27IiB2,Chhalaang: Care Ni Karda - Remix,18,"Hindi Song, Hindi Music, Hindi Remix Group"
0vVDKlTNDCCPYcnxWnwcVP,ang oo sa pag hindi,18,Yzkk
2pfdntrI1BczaNm7367vTy,Hindi Kita Malimot,18,Pedro Concepcion
4ZCwfYJ8mmSkUyvRoliepv,Meri Dikhe Tundi,18,Manoj Baghel Raja Hindustani
0JAZlJQozHwvUKYV68AuBX,Mi Amor Hindi,18,CVR King
2WNxDVxKIwIVOVM2L7WUpC,The Big Ship,18,Alan Menken
1FtRLIcJpduvwIPAbcX166,Hindi Pala,18,420 Soldierz
6hsSN4NtNnUYBWX46XagJ8,Hindi Mapakali,18,Tiara Shaye
3r9xhRikUqIW2UKKMnxQY2,Hindi to Madali,18,Zo Fuego
0o7MnbVpys6FdrYrCp7ML1,Stuck in the Middle,18,"Jay Sean, Craig David"
314k6GCsMy7EGeBzTGTxPO,Rowdy,18,"A.R. Rahman, MC Heam, Shuba, Nivas"
1MAjlloMRjZ8dRD9hF69cz,"Chalte Chalte - Part 1 / From ""Chalte Chalte""",18,Kishore Kumar
0MUjXA4iZM5rBHZ2YmJ5iA,Garmi Aayi,18,WowKidz
3k0zjjOVfiqZuHbWxCN406,Do Ghoont (Club Mix),18,"DJ Harshit Shah, Shruti Rane, DJ MHD IND"
75U7c5Ar506Farzu0C7rBy,Hindi Na Babalik,18,NER
0fFV9sueoUWbQ78Pbz07pp,Hindi Ko Naisip (Acoustic Mix),18,Paul Sapiera
0aDQlNOi4eoybt8MqXD02D,I Won't Tell - Remix,18,"Jay Sean, Sway"
38eBzXvEk3ZVNw9VKwBXMb,Naani Naani,18,WowKidz
6x27sWvqUBgTCFIxWwMpjk,Hua Sawera,18,WowKidz
57gotz8XUn7uHx3FqWePrj,Gudiya Raani,18,WowKidz
34nA4AAa87YtoiRpEAujP7,Laal Tamatar,18,WowKidz
5KAHxjLwnZInWTRxwmn9dU,Haathi Raaja,18,WowKidz
5AVh8udzkdzSRiqv9bw1lU,Ginti,18,WowKidz
1SS1MaRaDJSrAVzvHHTa8H,SAKHIYAAN - Remix,17,"Hindi Song, Hindi Music, Hindi Remix Group"
7FTsTAi3yrEdhbJR1GfAVY,Hindi Kita Malimot,17,Noel Bonnevie
7KRPwBC0U1oayO9znuHb95,Woh Lamhe - LOFI Hindi MIX,17,"Atif Aslam, Naresh Narayan"
2lpvnRYxqXuZ7CrVysdDmO,Hindi Kita Iiwan,17,REY VALERA
4VeCSm9ZIVJbi7pYreodPX,Hindi KO Malimot,17,Cinderella
593uaaYhoXd06BU1RrBSkt,Kya Hua Tera Vada - Lofi,17,"Mohammed Rafi, Sushma Shrestha"
66TU9Lj1gef5ZORWY70Svw,Hayo Rabba Mereya - Hindi,17,Shahid Mallya
2lavONDOtnQpcrG75B7r3i,Hindi Na,17,Maryzark
1SQ9N7fAOajdo7lHi9Trc3,Hindi Kami Damong Ligaw,17,Didith Reyes
4D6YwVrQAYwl7sDiLFea4I,Hindi Pala Tapat,17,Willy Garte
1QDvuaCFonPOuXywyzAdkt,Hindi Na Magbabago,17,Erik Santos
7rDhFwvAjzJluFTKOLSlUb,Pag Hindi Na Ako,17,"Team Sekai, ICA"
6sg47YmCia65x4arPSlBAA,Likhe Jo Khat Tujhe - Lofi Reverb,17,"Mohammed Rafi, Happy Pills"
7t9pXBlJXzy1cXB3tWDsHw,Hindi Na Iiwan,17,Melan Stamatelaky
0Mnump2YLaFOGU6LqTWblr,Maula Mere Maula Lofi Sad Mix,17,Roop Kumar Rathod
67O9zM8koO6xfiY3Q70zG3,Kala Kala Kahe Gujri - Hindi,17,"Deeksha Jangra, Aartii, Naman Gujral"
4O4xmkHJ8QDZD9ZQ0QEeTC,Radha Rani Lage - Hindi,17,Anjali Khatri
5AP0h4LLD3CevtC5gulWz3,Mera Bhola Bhandari - 2 - Hindi,17,"Hansraj Raghuwanshi, Suresh Verma"
626lctB8soGKWjl89F8prq,"Dilbaro (From ""Samara"") [Hindi]",17,"KK, Lakshmi Mohan, Deepak Warrier"
14xX8L2qKT4bDtBpNIilXj,Kesariyo Rang Tane Lagyo,17,Sanjay Chouhan
5nhMjkGAJDyuXxym7CAfh1,Hindi Ako Gusto,16,Arnoldg
3KmA9B0Kgl44s3xWa3jsEa,Gaara - Hindi Rap,16,"BAD Junkie, Prakhar Gupta"
2FoJCpw8fUZvL1ycis57Jw,Chuk Chuk Chuk Rail Chali - Hindi,16,Palak Gujela
53aL3ApJIEjzB0NX3kATg4,Hindi kita malimot,16,Ric Manrique Jr.
1xDE7hR4a8pbkrBottA8ZZ,Hindi Kita Malimot,16,Celeste Legaspi
4JSxgETLsDRuN0Z2PrEh5O,Hindi Magbabago,16,Glenn S. Lemen
1vWeCRBo4YbmJWOrcgxj9c,Hindi Magbabago,16,Gerald Santos
0nVqhHdOGcugtIfXi8hlxD,Hindi Mo Lang Alam,16,"Ednil Beats, UNXPCTD, JZ"
53mbefnNhv9nnSUcIiT8Dc,Na Tum Jaano Na Hum Reverb Lofi,16,Pratap Poppi
3QTtQNpFSLx3spKayLdCD4,Naach Meri Ram - Remix,16,"Hindi Song, Hindi Music, Hindi Remix Group"
0P2Lk97G9r2FIJjeMR0PUW,A moi la liberté,16,Cheb Hindi
2TgFXoco89Yrmcmt9BqWyO,Kya Hua Tera Vada,16,Kiran Pradhan
4T8ep6Vg2L5LJiSSJtXMjy,Planting Rice: Magtanim Hindi Biro,16,Mabuhay Singers
6Gfn12h6HJbLNPE837VQaY,kung hindi ikaw,16,"Yzkk, Shortone"
2RN1UjqQvJWn1p38LpCR3Z,Aarti Ganpatichi - Hindi Version,16,Asha Bhosle
0SRDXVRdJDXTCPtODiaxL6,Hindi Kita Malilimutan,16,Marco Sison
3J7SX15cyNHtewZMiktYuA,Hindi Huminto,16,"Bugoy Na Koykoy, Sorrento Aze"
48t44jx2bTJyOBnV4drVwi,Nothing but Spirit - Calcutta Sunset Mix,16,Magic Sitar Hindi
4RFE46xw6I3mCQ5RPBAKBh,All or Nothing,16,Jay Sean
4uboCjcB6p4XDbuijEAVal,"Hindi Na, Ayoko Na",16,Regine Velasquez
6G2FgSaE0l4t3HA5b3BIvZ,Bakit Hindi Ako,16,Jamie Rivera
2Rr1lIcXqWnP6Z5V2jhPeb,Hindi Ko Kayang Iwan Ka,16,Garry Cruz
6iU7rgDXdLxhFAs02M3HrM,Kung Hindi Ikaw,15,Dindo Caraig
3FTdE7pJcLB8q8bI2zJRGI,Dada Aur Pote Ki Yuddh - Hindi,15,"Jaiveer Bhati, Gyanender Sardhana"
67a8OFpDUnjUBDcRzrV8ai,Hindi Na Lang,15,Ric Segreto
48bcolhuHPDT52o6Tj87AK,Hindi Kita Malilimutan,15,Florante Aguilar
6YbQtg3n9VRlJnqbPO3IrS,Pyaar Hona Na Tha - Hindi - Remix,15,"Hindi Song, Hindi Music, Hindi Remix Group"
1IdPo7jcGhnwOcGrYp7MFF,O Son Of Earth,15,Grant Hindin Miller
6tNNhnxTI4BzopkIsHuTHy,Beautiful Tango - Unplugged,15,Hindi Zahra
2neekPP8ekYaWrRbxOdty6,Hindi ako (Ep.1 - Delulu),15,k.o.vy
3PF1uwPsvE2Ex6EDW8ojMj,Hindi Kita Malilimutan,15,Raul Sunico
0LKooTYKlscgqXUmG6yFf3,Tere Vaaste,15,"New Hindi Gana, Indian Dinga Dinga, Hindi Band"
76IF32ytbxfhl63vWljGDf,Billie Eilish - Hindi Remix,15,"Havok, Asthra"
18GEkzedsF7qEBrBCq2kDT,Bakit Nga Ba Hindi,15,"Dexter, Bituin Escalante"
41klqR1oVaKGiMmZ76YFet,Hindi Kita Malimot,15,Carol Banawa
3A8lwcEzNup0adBtM2kvrw,Hindi Ka Mahal,15,"Project 8/21, Kollabz Kollektive"
4hREY9Q7nuE1U346IUBnuy,These Days,15,Hindiblaster
6mwK2XQrV3b5KPW7BvG9gZ,Garam Masala,15,Dj Hindi Bacha
25nwsy2jkjWVvWCeQl6FNF,People - Hindi,15,Kajal Sharma
3qoKnIkpRtRXdSrl33nSvR,Kya Kam Hai Meri Hindi,15,Mahendra Kapoor
4KSElzcIgMZ7VCcJNTYF8Z,Ikaw Pa Lang,15,Randy Santiago
3h0RgwQLZYRM99Mm89RYG8,Hindi Magbabago,15,Piolo Pascual
1u5pNRPpPzXjXEL9FL3UCm,Hanuman Chalisa - Hindi,15,Vijay Soni
2xVwFVUpPNHqOnv5bU5CtJ,महालक्ष्मी आरती | Mata Laxmi Aarti in Hindi,15,Hari cassettes
066OnK4fVD0eRPScKUVQS3,Learn Hindi Varnamala,15,Christie Vincent
5T5vvRmYLwmRqFe0TGgufB,Hindi Katulad N'Ya,15,Eris Justin
30PuTavHf1OpKkvW7RG1Mn,Ajib Dastan Hai Yeh,15,Vivek Singh
2Upfp09NmZZd93rL8aQMsU,Parda Hata Do - Mix,15,"Asha Bhosle, Mohammed Rafi, Rahul Chaturvedi"
63ciKLlgsElbkM7JNbBpIb,Traditional Aarti In Hindi,14,Suresh Wadkar
06pcXp0LK9g0wtF1nRBUjS,Gaara Hindi Rap,14,DA REAL INSANE
1xGzNTRtqfnjncEpGymKiz,Tu Mera - Hindi - Remix,14,"Hindi Song, Hindi Music, Hindi Remix Group"
1iCwYDntSWRS3PFrRkje7E,Undead - Slowed - SMW,14,Hindiblaster
4xD5WjwjxKRZLIIBv1r1kv,Ram Siya Ram - Hindi - Remix,14,"Hindi Song, Hindi Music, Hindi Remix Group"
48KazEBg7KqeD66Qj4l5qA,Main Pal Do Pal Ka Shayar Hoon - LOFI Hindi Mix,14,"Mukesh, The Keychangers"
5NNWDz07t2wiRf1UFdaFPT,Hindi Kita Malimot (I Can't Forget You,14,Angelo Favis
1p0sbCxn3dmXWlOn604JBu,Emptiness (Mashup) - Hindi,14,Sushanta Roy
2wbLuc3yh9YdZXafQQDiHz,Shiv Tandav (Hindi),14,BANDISH
5J5hfmvsftVPV5m5MYXlhJ,Piya Pachtaoge - Hindi - Remix,14,"Hindi Song, Hindi Music, Hindi Remix Group"
0Tt2potD5It775CDJFHoGc,Hindi Rin Lang Totoo #Gagokaba?,14,Kevin Siquig
3gIQF2tQj8AbWVrPVwG7gW,Any Story,14,"Hindi Zahra, Lucie Delville, Alberto Malo, Alexis Anerilles, François Lasserre, Jeff HALLAM, Typhaine Pinville, Cécile Raillard, Ze Luis Nascimento, Capucine Michat"
0sXeraiWev6LNphoa7BWjw,Tum Ho - Rockstar - Hindi Song,14,Noel Toms
3pkV1QRIt3tNRf1cZFIgY2,Yeh Hai Reshmi Zulfon Ka Andhera (Chill Mix),14,"Asha Bhosle, Pratik Gadre"
1EAWQFe8PatoffyMOwF5fD,Ibadat Kar - Hindi Bhajan,14,Puneet Khurana
3fBRhNOVutQCMAOZsD7Pfi,Ramta Jogi,13,Hindi Mood
2Kb3Qis8QUkyJBfJ3WSkgG,Parang Hindi Pasko,13,Sharon Cuneta
4GPBn3pHo1AKshyu8vYMvC,Hindi Ka Lilimutin,13,Leah Navarro
7xp06tftdSmXKpvi9WqwzT,Hindi Ko Kaya,13,Imelda Papin
0eAPV1nQps8dkJeEjWJbB7,Tablet Of Ahmad,13,Grant Hindin Miller
2NHAPSpfk1BE7O2x76eYgD,SHANTI - PEACE - Hindi Version,13,Raja Kumari
5ukS1N1cP4QNmHbhCyyWeo,Faraatta - Hindi - Remix,13,"Hindi Song, Hindi Music, Hindi Remix Group"
6LYY3r2gAc5W4HsTufgyTF,Hindi Workout - English Dance Mix,13,"Workout Music Gym, House Mix 2021, Workout Dance Music"
2t6LRJXHDVfcKdd2J87aGA,Na Tum Jano Na Hum - LoFi,13,"Lucky Ali, Ramya"
0iaabjzBTNAM7uHgQlz2o8,Hindi Magbabago,13,Zsa Zsa Padilla
5r52GpizOSnmQcSGi1o7nX,Hindi Maiiwanan,13,Imelda Papin
6Wwtu9d3jcarah5UsceK5u,Dilon Ki Doriyan - Hindi Remix,13,"Hindi Song, Hindi Music, Hindi Remix Group"
2DwbojGwUc1jYRPh3GODQ8,Dil Galti Kar Baitha Hai - Hindi - RMX,13,"Hindi Song, Hindi Music, Hindi Remix Group"
2rGyeOU3Idye0YEkAKCcxc,Tere Naam (Hindi Bachata Remix),13,Sasha X
1NWZgYflRGjC5p8kePYVBz,Mere Samnewali Khidki Mein - Lofi,13,Sanidhya Mishra
5zcF5wbeWJDJGgLD5PzA1B,Hindi Sila Ikaw,13,poisonhxrzy
0ngOKNlTATbMH1Q4SF7sY6,Yummy,13,"Hindi Song, Hindi Music, Hindi Remix Group"
1OfPcx7WF5xf9Y7fyOZVVt,Yog Nidra Hindi,13,Anandmurti Gurumaa
1Blk2cCLaotZtFe7NPum0E,Hai Apna Dil To Aawara,13,Kiran Pradhan
4sSfhIarKP2MvySS2pwhCL,Ek Pal Ka Jeena - Lofi Reverb,13,"Lucky Ali, Deepanshu Ruhela"
1935jHYjS7zKbKSMxcxUvY,Bakit Hindi Ka Crush Ng Crush Mo?,13,Zia Quizon
0fVxujfDIOd7TFkXDyEMhk,Hindi,12,"Koko, Momis Alanis"
3f3Eldn40B8gYgEGW0Ej4Q,Vibrational Healing,12,Hindi Code
7EduvHF3FRWTmQAAR0zEGt,O Moving Form Of Dust,12,Grant Hindin Miller
6Tp8rqiOZA9N2DunNKpY7l,Oh My Lord,12,Grant Hindin Miller
4dVZZ4IBdXG8LHh256ftDj,Chhalaang: Care Ni Karda - Remix,12,"Hindi Song, Hindi Music, Hindi Remix Group"
6PwuSpxEQcedAE03d3m1Ui,Chand Sitare - Lofi,12,Kumar Sanu
6sDKmQKqz5Qx77xbniHYwU,Shree Ram Chandra Kripalu - Hindi,12,Vishnupriya Avi Ji
6Fh3y1BjmsP1UF905XGxkH,Hindi Ko Kaya - Instrumental Version,12,"Vina Morales, Denise Laurel"
6pJOafQOOLDY1AR3rJhfxi,Mere Mohan Baba Aao,12,Jyoti Rawat
60s6fU9qNv5l8H5LTSAItW,1 AM,12,"Hindi Song, Hindi Music, Hindi Remix Group"
33KFNtnr3PY8s0U9gUNzfn,Neela Jhanda - Hindi,12,Nishant Singh
2eKPVaHH9LbeOlXJkvxjOV,Hindi Magbabago,12,Zsa Zsa Padilla
5vJtsxkE8TLFhs6kZHbcfd,Hindi (Remastered),11,Go Viral
5sUxSyq2P7rCyF17xkTf5X,Ram Aayenge - Hindi,11,Nitika Sharma
6M80F3JUj9gtje3Zr9h3Az,Whither Can A Lover Go,11,Grant Hindin Miller
1bRjTdXLjHa0MIbsOvcO49,Hindi Kita Malilimutan,11,Basil Valdez
4ETSWG13jdtWDfYMBZB6DA,Bakit Hindi,11,LIRAH
3mxVJCYWzvt8fCB0rq0Fxw,Hindi ko Sinadya,11,Lani Misalucha
1Y6cRo7PPgHjJpGiy86kho,Hindi Kita Malimot,11,Florante Aguilar
5Jomc7FdTfptXSbuHiMSDU,Hindi Ko Akalain,11,Marco Sison
63YHzzC0c0QiJ2FluQyFs2,Konchum Nilavu - Live,11,"A.R. Rahman, Chandralekha Annupamaa"
1KbjgNth319IAPOdOX6ZG9,Hindi Workout - English Dance Mix,11,"House Mix 2023, Workout Music 2023, Music Workout Hits 2023"
6Ax2dWZnnnDaAL1DUCcaxl,Ahiawa - Unplugged,11,Hindi Zahra
52za3aCDScDPP4cPP79hLL,Hum Dono Do premi - LOFI Hindi MIX,11,"Kishore Kumar, Lata Mangeshkar, The Keychangers"
1Gp5PAeOLsmAP5SUkEhDn7,Hot Hindi Hit,10,"Hindi Vibe, Indian Heart, Dancing Hits"
0VTJwnyuPb0RcnjV5d6foc,Twilight Tones,10,Hindi Agrav
215DORTwvOdVEoXhQ1CkmI,Amavasya,10,Hindi Code
6cBrRmIRxG5WjxTVSWb61G,Noble Have I Created Thee,10,Grant Hindin Miller
4DnetYDSzUYRzmT22Dkmcc,Hindi Alphabet Song (feat. Vasundhara Vidalur & V Daddy),10,"Aparna Bali, Vasundhara Vidalur, V Daddy"
0UCwYeRd9HrPbvbBVpCMYQ,Hindi Laro Ang Ibigin Ka,10,Anthony Castelo
6GVS8Be4qaGdq3DfY1UZbT,Kiss & Thrills - Remastered,10,Hindi Zahra
1hDgb34nFnr4ZHrIhLGazs,Unite The Hearts,10,Grant Hindin Miller
69PT3hFx2yATTwUUb9HZib,O Son Of Love,10,Grant Hindin Miller
1cE6N5laHoE3IKmiFXYUkk,108 Maha Mrityunjay Mantra - Hindi,10,"Kumar Sanjay, Ruchi Priya"
3BLyUha41bmMHUNYzV1Ek9,Roz Raat - Remix,10,"Hindi Song, Hindi Music, Hindi Remix Group"
1gwYK6SrD9ykC3pd3bp6K8,Shankara Re Shankara - Remix,10,"Hindi Song, Hindi Musik, LA INDIA"
1zMmEWV9WQLLKNSKScFZk3,Lahore - Remix,10,"Hindi Song, Hindi Music, Hindi Remix Group"
6pXJhV2TLJBtLcfcKrsm82,Sa-Ra-Ga' Ya-Hindi,10,"Ahmed Abdul-Malik, Bilal Abdurrahman, William Henry Allen"
5OQfjVw9H9wEeGA3KiiarV,Hindi KO Sinadya,10,Lani Misalucha
25bKRbthuoCdn7e5tEaIWx,Hindi Magbabago,10,Gary Valenciano
5MznY0u8eChSHcrBeFdCm8,Hindi Kita Malimot,10,Ryan Cayabyab
6GL5jHwlgzkpSUzqZ7j3Gw,Hindi,9,VFM Style
374wMWk5lOxIRuvwEXE8YG,Hindi,9,Dmitry Glushkov
3Wbzak3rty7Xxvby1Fo1Y1,Hindi Ko Kaya,9,Angeline Quinto
5n8XPZ3h5zjKeYMNnnZqxw,Hindi Gumbo,9,Garaj Mahal
4zYbKpj9E9bM0oy7IQNrRj,Tafta Hindi,9,Raja Bader
2siRDEZLqUEXQuQtGisjti,Colorful lights,9,Hindi Code
66t5t6IVvlBwxiwA2WeXBT,True,9,"Soham Hari, Hindi Mood"
1AjkfKxb9YW2cDjsZRVTVf,Lamha Lamha - LoFi,9,"Abhijeet, Sunidhi Chauhan"
6VPeku9bitsf6XBRqXprnM,At the Same Time - Remastered,9,Hindi Zahra
4w73yjSJ8a1Omghrwu6g6t,Fascination - Remastered,9,Hindi Zahra
56ESri4D2vKkYfrEtckENj,Hindi Malilimutan,9,Joey Albert
5ymMQWB9VXZkpR8a3twCii,Hindi Kita Malimot,9,Raul Sunico
780OhzV46nheCdBLJ05VrM,Mere Sapnon Ki Rani (Remix),9,"Kishore Kumar, DJ Tarun Makhijani"
0i8MruRiAFV7e4YuplaVAL,Hindi,8,Kavi Singh
6KU7tNr3PKlzlg3LjnRf4N,Hindi,8,Trails of Light
7du706mxDbkXGj7X9MkTZK,Speaking Hindi,8,New Delhi Jazz Trio
6CySLlT5vydpwn2Gp1Ffs6,The Age Of Madness - Hindi,8,"Christo Xavier, Sreekanth Hariharan, Sayanth S"
3fbb23dccQEcRfKuM5gymz,Hindi KO Akalain,8,VST & Company
0KVsH0Klt5AShgLqHVib3x,Hindi Majnoon,8,Zahed Sultan
0A4cTWCilUQ9H0aB66oo8k,Hindi Folk,8,Marcelo Gallo
7CzXhoB2oL5P6fSSqnwFXF,Hindi Music,8,Bombay Lounge
0EveHQYrSNvjCTXZVBWuk5,Blessing Day,8,Hindi Code
15BXl9wNvm1gNyHcCkpNHI,Hindi KO Kaya,8,Jun Polistico
2uhgTBERdUk884Fp4Q5RXF,Bin Tere,8,"Best Indian Lofi Hits, Hindi Lofi Music, Desi Lofi Music"
3F12m4z8Ge9oposs7B5veb,Mumbai Trance,8,"Hindi Vibe, Indian Heart, Dancing Hits"
4WjgHLxXsHlEFO4nW51xWR,Oursoul - Remastered,8,Hindi Zahra
7JXJGnVSBqws2dpgW7vX7q,Om Bhurbhuva Swaha - Gayatri Mahamantra - Hindi,8,Suresh Wadkar
3EP6YaeoSGN7WCmPvQzRPI,Hindi,7,Fatih Erkoç
723L5EaYrqyOsAtjY6H9S0,Hindi DJ Party,7,"Hindi Dance Vibes, Indie Kid DJ, Chillout Remixes"
2TlDkiyoFwk1tk9341YbM5,Hindi Bollywood,7,Ishaan Patel
56GxjCslepXLLDoXkaEvff,Pyar Hua Chupke Se - LOFI Hindi Mix,7,The Keychangers
2TXjmk9vZQQpUHrjzPLMDE,Blessed Is The Spot,7,Grant Hindin Miller
39uuB1fy2HxXTAw42ZeibD,O Son Of Dust,7,Grant Hindin Miller
2swnJErpI0FMBtmEL0BJFN,Honor On The Full Moon,7,"Hindi Band, Buddhist Meditation Temple"
2i3G7BDeeJ3jjvXm4Ick9k,Hindi ka (indica),7,"EC Orduna, JP Bacallan"
1NucXInftUcYgro6N6Oa9p,Baatein Ye Kabhi Na,7,"Best Indian Lofi Hits, Hindi Lofi Music, Desi Lofi Music"
0OKtUOEME4L9k5Ze1RA2n5,Hindi,6,Twowelve
1bC1yukA2cmbE32PvGjqvY,Hindi Magbabago,6,Tuphe
7c399E6XJeJx5P5rdVRFV6,Tibetan Buddhist Chi Meditation,6,Hindi Kora
1Ufh979bBfqCDoUVCg0Hlm,PB-65,6,Hindiblaster
5PYW0BCNIKE7Pcq4p50jM8,Hindi Land,6,Relaxing Zen Music Ensemble
0FNpEPLf7WrPYa2XSfSFZx,Celebration,6,Hindi Code
6zMR4MTUFYjxLO9l8IF2pO,Bulleya,6,"Best Indian Lofi Hits, Hindi Lofi Music, Desi Lofi Music"
42jHVgLFosLizjX9buSLjo,Kuch Kuch Hota Hai,6,"Best Indian Lofi Hits, Hindi Lofi Music, Desi Lofi Music"
3WCLX2tRKbaKA7j1XVpMYW,Hindi,5,NextRO
71k3Qni1NYZEh383aAcxK1,Hindi,5,Nasrat Parsa
4ZERZGagoWYPBsx0fdks8Y,HINDI IWANAN,5,Marco Kane
30J1eOmwyrBeEyD7rszSZp,Lovumba - Hindi Version: Dil-Ruba Lovumba,5,"Daddy Yankee, Ad Boyz"
0EiVW5IpYDwvCIu9oBmgtR,Hindi Magbabago,5,Randy Santiago
6w8HBAUU0QMRsnFIADmWj9,The Man I Love - Unplugged,5,Hindi Zahra
6h8qhkJFOr44XSI63cZfng,Snake Charmers,5,Hindi Lounge
7pmuS8iQtWBz6fF4J677ZH,Hindi,4,Valby Bræður
4ZRX8RlX9c8n41hD5Io3jG,Hindi Ako Laruan,4,Mimi Baylon
2pYegoDZrFfmcBNefWLUBu,Mayfoutouche Fiya Kewalbek,4,El Hindi
07zqvplnNm0C2d8utmuEpD,Peaceful Lament (Alfa Waves),4,"Hindi Band, Flute Music Ensemble"
2kZNKCkUs9j50SShKxUdRU,Hindi,3,Hangama
3NtfZreZd6oQBau8iYwj7Y,Hindi,3,Biyaya at Papuri
7t4HfjeBKOgknX7qbvnz2w,Hindi Ko Kaya,3,Richard Reynoso
3K5LW5RjHdLllTNVEmIYYN,Bajrangbaan - Hindi,3,Laxmi Dubey
6fFMOYxhBj0PpiDhTfvzE2,Aaj Piya Ghar Aayenge - Hindi,3,Shital Chauhan
5qc6GpVgl9JxChTJmry1qT,Hindi,2,Marathi Band
3ReBnmlTmQvuhRMEjn2ux2,Hindi,1,"Oston Azizov, Noziya Karomatullo"
72VOK4tYS15yd7RUyzem8Q,Hindi,1,Zaggia
2gslp7mDi7JDM0BCgl5BZ8,Hindi,1,Dawood Sarkhosh
2c41Lr5VuBJhxAdsX9uNfC,Hindi,1,Lazed Nap't
0xsY1CvpRbQ33ItfjNnZwR,Hindi,1,"Illustrado, Emar Industriya, Calix"
3pK7znhvQPqtd7kbphQhZ2,Sher Khul Gaye - Remix,1,"Hindi Song, Hindi Music, Hindi Remix Group"
6YAR4dWbKosxdIR94BVGa2,Hindi,0,Amrit Rao & the Madrascals
0vyiAfdOpB9HA569K96RfP,Hindi,0,Tini Mc
2404zspdNjsKBeRI8keNaV,Hindi,0,Anil Bakhsh
5YUhJuJj0RIuOoeu6LSk4y,Hindi,0,Mc23
6sCSOdcHZ42qZfFPF3oNop,Hindi,0,Zaggia
3Nb5ffgOTkauTdAirjuvwZ,Hindi,0,Tanpura Malek
2UKu9mP18UMXHE4pNjGh3i,Hindi,0,Burimkosa
5HJw2E1q1cH1IwcqA8QrJA,Hindi,0,Clinxy Beats
1iqF3n6jlAV4r7N9xxqmVf,Hindi,0,Marcel Berthault
4YpfOdXNi9qOdl25ENDEbb,Hindi,0,TIG
2zM52iS8vMkInc2IqYsmyh,Hindi,0,Sonic Boutique
59H0wdjPlh2hVb7T5br9aI,Hindi,0,Fiore & Steve
54yju4hX6jgxxcmbrZ3a8c,Hindi,0,Matijn ASMR
3HmZxNdVUD1YxgffKGQcc4,Hindi,0,Sultan Hamahang
2N0DAgJkc8uI55iELYycnc,Hindi,0,ApKingsVevo
1sYaId381RNWyHqFbpAzjT,Hindi,0,NextRO
0nDNSdgHRdvp3o39oLYTzi,Hindi,0,Siriu2
1LtTCrYJZt2hqQYpOQKSEC,Hindi,0,Twowelve
4RKUaGpUQz54M1TPyMFoHt,Hindi,0,"Valby Bræður, Uglysince91"
4L56Xkfzmcs7MncAHY56Lz,Hindi,0,Ruslan Barysiuk
1bF1ED9qo2APDgW8Xr8xlE,Hindi,0,Fly Project
7wk6D24iNlE6R0GUhB1kHS,Hindi,0,Alec Koff
0lTleNCJl31Hfv9MdZ6X1j,Hindi,0,Zaggia
4qcuhOMBz1P7xIKVFr7AzD,Hindi,0,Fly Project
3vWnS3zO8x1qXjBXiah0Sx,Hindi,0,Duel Music
3BPCw3ZsbCtz7blkffPG4C,Hindi,0,New York Jazz Lounge
6SZWMqcfM7bIDLEpZ7ltVY,Hindi,0,"Ruby, Tony"
0sqsp3cCKsahjeD0GxESCg,Hindi,0,Hilton Banger
3Sc2sGqabR5SQb4QcpxpEg,Hindi,0,Beats And Beats
5ZR7NBl9wuzdmTh4StRsqR,Hindi,0,Asian Zen: Spa Music Meditation
3sAvYqApkbZJDHa9euhbjN,Hindi,0,U'Moon
5HqHxoAGfwIHJagxwHrhzh,Hindi,0,Emirats RAK Band
5BCUB99ufIKrw5BszT785W,Shiv Tandav Stotra (Hindi Adaptation),0,Om Voices
1jo5vhTE6YuuicEwYdCKjq,Nam Tham (Hindi),0,"Kalyani Nair, The Indian Choral Ensemble"
4tkDY8ca82T7tXerkuFLQP,Sari Duniya Chhod Ke Aaya Tere Dwar Maa - Hindi,0,Deepak Blue
7ApQUYCyb8ijKkEl5af0fw,Jaan Bachake Bhag Jaa Arjun - Hindi,0,"Gyanender Sardhana, Harendra Nagar"
635UDR9BPEXhZfhasWoWGm,Sun Sunke Dil Kamp Gaye Kalyug Ka - Hindi,0,Gyanender Sardhana
5GxHZofJyyUurtVb42pHb8,Komal Chaudhary Is Kalakar Se - Hindi,0,"Komal Chaudhary, Boby Baghel"
2qRFETzHQR2mjqYKQht7iJ,Latoo - Remix,0,"Hindi Song, Hindi Music, Hindi Remix Group"
36XV86yZuujYfZCldNfpGS,Love Prayer - Remix,0,"Hindi Song, Hindi Music, Hindi Remix Group"
3cOpbjVv5YxkeqsEKUh5bZ,Bairiyaa Re - Remix,0,"Hindi Song, Hindi Music, Hindi Remix Group"
7pDTnOmSILh4QixeoJ50DX,Chill Mode - Remix,0,"Hindi Song, Hindi Music, Hindi Remix Group"
7K1J0zjIN9rbYkPMIelEzy,Kudiye Ni Tere - Remix,0,"Hindi Song, Hindi Music, Hindi Remix Group"
2d15NYEzq6jLM2q6p3DDSU,Halla Macha - Remix,0,"Hindi Song, Hindi Music, Hindi Remix Group"
7DaH3tDcjFZFvBZHvuGjjp,Da One - Remix,0,"Hindi Song, Hindi Music, Hindi Remix Group"
2O3Yx2zRAnVdQuQlMDv5Ts,No News - Remix,0,"Hindi Song, Hindi Music, Hindi Remix Group"
48hb4JI0TVxmOUB30jnAXt,Ram Padhaare - Remix,0,"Hindi Song, Hindi Music, Hindi Remix Group"
2SJpF5hpc5GUQAsWYeQNua,Pyaar Hota Kayi Baar Hai - Remix,0,"Hindi Song, Hindi Music, Hindi Remix Group"
0Sra1qXi7064AAiHPNA9TI,Na Maane - Remix,0,"Hindi Song, Hindi Music, Hindi Remix Group"
7x46x1tk0EK96RBwrtfdS8,All Right - Remix,0,"Hindi Song, Hindi Music, Hindi Remix Group"
59W1L6KYJTpWce3G4TOtBQ,Husn Walo Se - Remix,0,"Hindi Song, Hindi Music, Hindi Remix Group"
2FhRnMoITRu6AZNedCQDDd,Mangala Kaali - Remix,0,"Hindi Song, Hindi Music, Hindi Remix Group"
4VBjV2zvUeUUiIgmv6yRHx,Maine Pi Rakhi Hai - Remix,0,"Hindi Song, Hindi Music, Hindi Remix Group"
21dOM6oykFoqh1Yh45IJdX,Chan Kitthan - Remix,0,"Hindi Song, Hindi Music, Hindi Remix Group"
0cgU2MXTfsG2zqNTuBCqWf,All Right - Remix,0,"Hindi Song, Hindi Music, Hindi Remix Group"
3cmvDDTsnz1g9ab4u10gKS,All Right - Remix,0,"Hindi Song, Hindi Music, Hindi Remix Group"
6u3JeZhO9HSCpyI0miECh4,Laadla - Remix,0,"Hindi Song, Hindi Music, Hindi Remix Group"
6ZhF96985T72bQqDlCfmQM,Mangala Kaali - Remix,0,"Hindi Song, Hindi Music, Hindi Remix Group"
5tgjWi2jMMiyo5DA49tbYA,Koi Aayat - Remix,0,"Hindi Song, Hindi Music, Hindi Remix Group"
6ioe8G6B1XOgriU6dCOrbR,Madhaniyan - Remix,0,"Hindi Song, Hindi Music, Hindi Remix Group"
6vOMKmHUUsvU4i4mWlULbr,Na Maane - Remix,0,"Hindi Song, Hindi Music, Hindi Remix Group"
2RD9UMj92FoARuKlC1UmZ5,Chill Mode - Remix,0,"Hindi Song, Hindi Music, Hindi Remix Group"
2hrlmZRs14G1oY8LAk3z12,G Class - Remix,0,"Hindi Song, Hindi Music, Hindi Remix Group"
2WpHHAipiSeeI4MwKrLe9N,Love Prayer - Remix,0,"Hindi Song, Hindi Music, Hindi Remix Group"
0HIqgWZz3d9CtIHhMneu6j,Chill Mode - Remix,0,"Hindi Song, Hindi Music, Hindi Remix Group"
2zkD3pcewCE2xZj3LrLcPi,Mirza - Remix,0,"Hindi Song, Hindi Music, Hindi Remix Group"
2TX1Aw1fSx3ESW5soWZfGr,No News - Remix,0,"Hindi Song, Hindi Music, Hindi Remix Group"
6wSB6sovrRrdxGf2HbaC3d,Pyaar Hota Kayi Baar Hai - Remix,0,"Hindi Song, Hindi Music, Hindi Remix Group"
2rqqXYHOn8z0D72rAJFDcP,Blur - Remix,0,"Hindi Song, Hindi Music, Hindi Remix Group"
5MlV150YnLWbQz4fmY0iDN,G Class - Remix,0,"Hindi Song, Hindi Music, Hindi Remix Group"
030eezLyK1ekybcS6vEkaD,Laal Peeli Akhiyaan - Remix,0,"Hindi Song, Hindi Music, Hindi Remix Group"
068fNyBbwfrvAWX4RFvPsF,Deja Vu - Remix,0,"Hindi Song, Hindi Music, Hindi Remix Group"
3u56YZ87iYjgzXJGyQqQi7,Ek Mulaqaat - Remix,0,"Hindi Song, Hindi Music, Hindi Remix Group"
6WI2iAWSnPUSOD50swKeFI,Hold On - Remix,0,"Hindi Song, Hindi Music, Hindi Remix Group"
7hnuo6ufwXZuYviMLudM5A,Laadla - Remix,0,"Hindi Song, Hindi Music, Hindi Remix Group"
6hK3exhCsx7Xz4hgEhRJTb,Halla Macha - Remix,0,"Hindi Song, Hindi Music, Hindi Remix Group"
4uJ0PSQxeDw9w1MroGtfnK,Blur - Remix,0,"Hindi Song, Hindi Music, Hindi Remix Group"
5Rq7yDAQ3A9woFoydM9fFX,Maine Pi Rakhi Hai - Remix,0,"Hindi Song, Hindi Music, Hindi Remix Group"
1BhjFPcvJNSqxtUofD97vQ,Madhaniyan - Remix,0,"Hindi Song, Hindi Music, Hindi Remix Group"
4Gtaa9QhHqm9W65ouWQeUr,Blur - Remix,0,"Hindi Song, Hindi Music, Hindi Remix Group"
2acarfkiqwEbrGR4Atben0,Deja Vu - Remix,0,"Hindi Song, Hindi Music, Hindi Remix Group"
6iqx6vZNsbf5CzbWeYE8Sa,Halla Macha - Remix,0,"Hindi Song, Hindi Music, Hindi Remix Group"
5HphButx0MoTcdGqWmpV2R,Laadla - Remix,0,"Hindi Song, Hindi Music, Hindi Remix Group"
7e1cCE3J68Tpc5MIczlWY8,Gabbar Bhi Nachega - Remix,0,"Hindi Song, Hindi Music, Hindi Remix Group"
1SfHL4otGzy02RtBcetlyi,Da One - Remix,0,"Hindi Song, Hindi Music, Hindi Remix Group"
